prediction,actual
407.04935458208803,417
380.15263948874997,391
432.22829106190443,419
434.4353909676184,461
450.0487217850341,472
492.3451460979684,535
553.2043465745254,622
570.9095853566939,606
471.14288008992713,508
413.9884007737795,461
404.7343568021064,390
406.4178166805676,432
