{
  "pred": [
    8.459999999999999,
    8.459999999999999,
    8.459999999999999,
    8.459999999999999,
    8.459999999999999,
    8.459999999999999,
    8.459999999999999,
    8.459999999999999,
    8.459999999999999,
    8.459999999999999,
    8.459999999999999,
    8.459999999999999
  ],
  "train_size": 600,
  "test_size": 12,
  "trajectory": [
    {
      "step": 0,
      "weights": {
        "progressive_adaptive_combiner": 0.562322011,
        "multi_resolution": 0.437677989
      },
      "interval": 2
    }
  ]
}