{
  "pred": [
    14.59611129617038,
    18.582889258747514,
    22.049667221415316,
    15.463111852502676,
    10.436556483318032,
    11.476667779742279,
    12.60344574281808,
    14.596890372409439,
    18.58366833498657,
    22.050446297654375,
    15.463890928741733,
    10.43733555955709
  ],
  "train_size": 600,
  "test_size": 12,
  "trajectory": [
    {
      "step": 0,
      "weights": {
        "residual_correction_advanced": 0.6499999998,
        "multi_resolution": 0.2500000001,
        "naive_drift": 0.1000000001
      },
      "interval": 1
    }
  ]
}