{
  "pred": [
    11.118367347027,
    9.893877550947,
    11.934693877747002,
    12.802040816637,
    14.434693878076999,
    17.342857143767,
    12.240816326767,
    11.118367347027,
    9.893877550947,
    11.934693877747002,
    12.802040816637,
    14.434693878076999
  ],
  "train_size": 600,
  "test_size": 12,
  "trajectory": [
    {
      "step": 0,
      "weights": {
        "residual_correction_advanced": 0.5102040817,
        "chunk_ensemble": 0.4897959183
      },
      "interval": 2
    }
  ]
}