{
  "pred": [
    11.900800000336373,
    11.99546666711033,
    12.090133333884284,
    12.18480000065824,
    12.279466667432194,
    12.374133334206151,
    12.468800000980108,
    12.563466667754062,
    12.658133334528015,
    12.752800001301972,
    12.84746666807593,
    12.942133334849883
  ],
  "train_size": 600,
  "test_size": 12,
  "trajectory": [
    {
      "step": 0,
      "weights": {
        "chunk_ensemble": 0.6499999998,
        "multi_resolution": 0.2500000001,
        "local_drift": 0.1000000001
      },
      "interval": 2
    }
  ]
}