{
  "pred": [
    10.187999999999999,
    10.187999999999999,
    10.187999999999999,
    10.187999999999999,
    10.187999999999999,
    10.187999999999999,
    10.187999999999999,
    10.187999999999999,
    10.187999999999999,
    10.187999999999999,
    10.187999999999999,
    10.187999999999999
  ],
  "train_size": 600,
  "test_size": 12,
  "trajectory": [
    {
      "step": 0,
      "weights": {
        "progressive_adaptive_combiner": 0.5458508937,
        "chunk_ensemble": 0.4541491063
      },
      "interval": 2
    }
  ]
}