{
  "pred": [
    10.879999999999999,
    10.879999999999999,
    10.879999999999999,
    10.879999999999999,
    10.879999999999999,
    10.879999999999999,
    10.879999999999999,
    10.879999999999999,
    10.879999999999999,
    10.879999999999999,
    10.879999999999999,
    10.879999999999999
  ],
  "train_size": 600,
  "test_size": 12,
  "trajectory": [
    {
      "step": 0,
      "weights": {
        "progressive_adaptive_combiner": 0.6438746439,
        "chunk_ensemble": 0.3561253561
      },
      "interval": 2
    }
  ]
}