{
  "pred": [
    10.004000000000001,
    10.004000000000001,
    10.004000000000001,
    10.004000000000001,
    10.004000000000001,
    10.004000000000001,
    10.004000000000001,
    10.004000000000001,
    10.004000000000001,
    10.004000000000001,
    10.004000000000001,
    10.004000000000001
  ],
  "train_size": 600,
  "test_size": 12,
  "trajectory": [
    {
      "step": 0,
      "weights": {
        "progressive_adaptive_combiner": 0.6478079568,
        "chunk_ensemble": 0.3521920432
      },
      "interval": 2
    }
  ]
}