{
  "pred": [
    11.622,
    11.622,
    11.622,
    11.622,
    11.622,
    11.622,
    11.622,
    11.622,
    11.622,
    11.622,
    11.622,
    11.622
  ],
  "train_size": 600,
  "test_size": 12,
  "trajectory": [
    {
      "step": 0,
      "weights": {
        "chunk_ensemble": 0.6999999999,
        "multi_resolution": 0.3000000001
      },
      "interval": 2
    }
  ]
}