{
  "pred": [
    11.247574525710775,
    9.146294239308641,
    9.859289493866513,
    10.52458516298438,
    10.47438705050225,
    10.567287694340118,
    11.041785021697986,
    11.230084836415855,
    9.128804550013724,
    9.841799804571593,
    10.50709547368946,
    10.456897361207332
  ],
  "train_size": 600,
  "test_size": 12,
  "trajectory": [
    {
      "step": 0,
      "weights": {
        "detrender": 0.5230041456,
        "residual_correction_advanced": 0.4769958544
      },
      "interval": 2
    }
  ]
}