{
  "pred": [
    15.401039110829558,
    15.418715476181058,
    15.436391841532561,
    15.45406820688406,
    15.47174457223556,
    15.48942093758706,
    15.507097302938561,
    15.52477366829006,
    15.542450033641561,
    15.560126398993063,
    15.577802764344561,
    15.595479129696061
  ],
  "train_size": 600,
  "test_size": 12,
  "trajectory": [
    {
      "step": 0,
      "weights": {
        "progressive_adaptive_combiner": 0.5940374361,
        "ets": 0.4059625639
      },
      "interval": 2
    }
  ]
}