{
  "pred": [
    13.066000000000003,
    13.066000000000003,
    13.066000000000003,
    13.066000000000003,
    13.066000000000003,
    13.066000000000003,
    13.066000000000003,
    13.066000000000003,
    13.066000000000003,
    13.066000000000003,
    13.066000000000003,
    13.066000000000003
  ],
  "train_size": 600,
  "test_size": 12,
  "trajectory": [
    {
      "step": 0,
      "weights": {
        "chunk_ensemble": 1.0
      },
      "interval": 3
    }
  ]
}