{
  "pred": [
    10.02,
    8.82,
    8.42,
    9.92,
    8.62,
    7.8199999999999985,
    2.1199999999999997,
    10.02,
    8.82,
    8.42,
    9.92,
    8.62
  ],
  "train_size": 600,
  "test_size": 12,
  "trajectory": [
    {
      "step": 0,
      "weights": {
        "residual_correction_advanced": 0.5999999999,
        "multi_resolution": 0.4000000001
      },
      "interval": 3
    }
  ]
}