{
  "pred": [
    6.26,
    6.46,
    6.359999999999999,
    8.159999999999998,
    8.659999999999998,
    3.4599999999999995,
    4.359999999999999,
    6.26,
    6.46,
    6.359999999999999,
    8.159999999999998,
    8.659999999999998
  ],
  "train_size": 600,
  "test_size": 12,
  "trajectory": [
    {
      "step": 0,
      "weights": {
        "residual_correction_advanced": 1.0
      },
      "interval": 1
    }
  ]
}