{
  "pred": [
    9.736,
    9.736,
    9.736,
    9.736,
    9.736,
    9.736,
    9.736,
    9.736,
    9.736,
    9.736,
    9.736,
    9.736
  ],
  "train_size": 600,
  "test_size": 12,
  "trajectory": [
    {
      "step": 0,
      "weights": {
        "multi_resolution": 0.7499999999,
        "chunk_ensemble": 0.2500000001
      },
      "interval": 2
    }
  ]
}