{
  "pred": [
    15.513188647746244,
    15.52637729549249,
    15.53956594323873,
    15.552754590984975,
    15.565943238731219,
    15.579131886477462,
    15.592320534223706,
    15.60550918196995,
    15.618697829716195,
    15.631886477462436,
    15.645075125208681,
    15.658263772954925
  ],
  "train_size": 600,
  "test_size": 12,
  "trajectory": [
    {
      "step": 0,
      "weights": {
        "progressive_adaptive_combiner": 0.645539074,
        "naive_drift": 0.354460926
      },
      "interval": 2
    }
  ]
}