{
  "pred": [
    7.260000000000001,
    10.959999999999999,
    8.959999999999999,
    11.66,
    12.86,
    10.26,
    7.260000000000001,
    7.260000000000001,
    10.959999999999999,
    8.959999999999999,
    11.66,
    12.86
  ],
  "train_size": 600,
  "test_size": 12,
  "trajectory": [
    {
      "step": 0,
      "weights": {
        "residual_correction_advanced": 1.0
      },
      "interval": 2
    }
  ]
}