{
  "pred": [
    14.62,
    12.92,
    8.42,
    11.020000000000001,
    10.32,
    10.22,
    11.82,
    14.62,
    12.92,
    8.42,
    11.020000000000001,
    10.32
  ],
  "train_size": 600,
  "test_size": 12,
  "trajectory": [
    {
      "step": 0,
      "weights": {
        "residual_correction_advanced": 0.7499999999,
        "multi_resolution": 0.2500000001
      },
      "interval": 3
    }
  ]
}