{
  "pred": [
    11.780000001051427,
    11.057142858396734,
    13.077142858076737,
    13.982857143683264,
    13.602857143820408,
    15.28000000070857,
    14.128571429564081,
    12.120000001439998,
    11.397142858785305,
    13.417142858465304,
    14.322857144071834,
    13.942857144208977
  ],
  "train_size": 600,
  "test_size": 12,
  "trajectory": [
    {
      "step": 0,
      "weights": {
        "residual_correction_advanced": 0.5999999998,
        "multi_resolution": 0.3000000001,
        "local_drift": 0.1000000001
      },
      "interval": 3
    }
  ]
}