{
  "pred": [
    10.136,
    10.136,
    10.136,
    10.136,
    10.136,
    10.136,
    10.136,
    10.136,
    10.136,
    10.136,
    10.136,
    10.136
  ],
  "train_size": 600,
  "test_size": 12,
  "trajectory": [
    {
      "step": 0,
      "weights": {
        "chunk_ensemble": 0.6386674842,
        "progressive_adaptive_combiner": 0.3613325158
      },
      "interval": 2
    }
  ]
}