{
  "pred": [
    16.44728779127856,
    16.458053926173115,
    16.468820061067674,
    16.47958619596223,
    16.490352330856787,
    16.501118465751347,
    16.511884600645903,
    16.52265073554046,
    16.53341687043502,
    16.544183005329575,
    16.55494914022413,
    16.56571527511869
  ],
  "train_size": 600,
  "test_size": 12,
  "trajectory": [
    {
      "step": 0,
      "weights": {
        "naive": 0.5258150881,
        "naive_drift": 0.4741849119
      },
      "interval": 2
    }
  ]
}