{
  "pred": [
    12.5855999997552,
    14.1955999995252,
    16.1555999992452,
    13.5655999996152,
    13.1455999996752,
    13.0055999996952,
    13.4255999996352,
    12.5855999997552,
    14.1955999995252,
    16.1555999992452,
    13.5655999996152,
    13.1455999996752
  ],
  "train_size": 600,
  "test_size": 12,
  "trajectory": [
    {
      "step": 0,
      "weights": {
        "residual_correction_advanced": 0.6999999999,
        "chunk_ensemble": 0.3000000001
      },
      "interval": 1
    }
  ]
}