{
  "pred": [
    11.9720000000224,
    11.8219999999624,
    10.4719999994224,
    11.3719999997824,
    11.4969999998324,
    11.1719999997024,
    11.5219999998424,
    11.9720000000224,
    11.8219999999624,
    10.4719999994224,
    11.3719999997824,
    11.4969999998324
  ],
  "train_size": 600,
  "test_size": 12,
  "trajectory": [
    {
      "step": 0,
      "weights": {
        "chunk_ensemble": 0.7499999999,
        "residual_correction_advanced": 0.2500000001
      },
      "interval": 3
    }
  ]
}