{
  "pred": [
    13.86,
    12.76,
    13.459999999999999,
    18.16,
    13.459999999999999,
    12.66,
    11.76,
    13.86,
    12.76,
    13.459999999999999,
    18.16,
    13.459999999999999
  ],
  "train_size": 600,
  "test_size": 12,
  "trajectory": [
    {
      "step": 0,
      "weights": {
        "residual_correction_advanced": 1.0
      },
      "interval": 1
    }
  ]
}