{
  "pred": [
    11.102504173622703,
    11.105008347245409,
    11.107512520868113,
    11.110016694490819,
    11.112520868113522,
    11.115025041736224,
    11.117529215358932,
    11.120033388981634,
    11.122537562604341,
    11.125041736227047,
    11.127545909849749,
    11.130050083472456
  ],
  "train_size": 600,
  "test_size": 12,
  "trajectory": [
    {
      "step": 0,
      "weights": {
        "progressive_adaptive_combiner": 0.6299820898,
        "naive_drift": 0.3700179102
      },
      "interval": 2
    }
  ]
}