{
  "pred": [
    16.1,
    17.0,
    17.900000000000002,
    17.900000000000002,
    22.0,
    21.0,
    20.5,
    16.1,
    17.0,
    17.900000000000002,
    17.900000000000002,
    22.0
  ],
  "train_size": 600,
  "test_size": 12,
  "trajectory": [
    {
      "step": 0,
      "weights": {
        "residual_correction_advanced": 1.0
      },
      "interval": 3
    }
  ]
}