{
  "pred": [
    13.84,
    13.84,
    13.84,
    13.84,
    13.84,
    13.84,
    13.84,
    13.84,
    13.84,
    13.84,
    13.84,
    13.84
  ],
  "train_size": 600,
  "test_size": 12,
  "trajectory": [
    {
      "step": 0,
      "weights": {
        "progressive_adaptive_combiner": 0.6335395748,
        "multi_resolution": 0.3664604252
      },
      "interval": 2
    }
  ]
}