{
  "pred": [
    8.425285275527642,
    8.417620874134169,
    8.409956472740694,
    8.40229207134722,
    8.394627669953746,
    8.38696326856027,
    8.379298867166797,
    8.371634465773322,
    8.363970064379847,
    8.356305662986374,
    8.348641261592899,
    8.340976860199426
  ],
  "train_size": 600,
  "test_size": 12,
  "trajectory": [
    {
      "step": 0,
      "weights": {
        "ets": 0.5096422287,
        "multi_resolution": 0.4903577713
      },
      "interval": 2
    }
  ]
}