{
  "pred": [
    10.539289645222183,
    10.53907211697229,
    10.538854588722398,
    10.538637060472507,
    10.538419532222614,
    10.538202003972721,
    10.53798447572283,
    10.537766947472937,
    10.537549419223046,
    10.537331890973153,
    10.53711436272326,
    10.536896834473367
  ],
  "train_size": 600,
  "test_size": 12,
  "trajectory": [
    {
      "step": 0,
      "weights": {
        "chunk_ensemble": 0.5999999998,
        "multi_resolution": 0.3000000001,
        "ets": 0.1000000001
      },
      "interval": 3
    }
  ]
}