{
  "pred": [
    14.293421487566107,
    12.900248272291586,
    12.34124666416521,
    12.291404071490629,
    12.355313058011603,
    12.393887718490989,
    12.40239395183668,
    12.400420831220531,
    12.398134517193725,
    12.39734505159922,
    12.39732477412096,
    12.39743913511858
  ],
  "train_size": 600,
  "test_size": 12,
  "trajectory": [
    {
      "step": 0,
      "weights": {
        "auto_arima": 0.5104732073,
        "progressive_adaptive_combiner": 0.4895267927
      },
      "interval": 2
    }
  ]
}