{
  "pred": [
    9.9485709999814,
    9.0080210001114,
    13.5660709994814,
    9.8038710000014,
    8.6462710001614,
    7.8504210002714,
    12.0467209996914,
    9.9485709999814,
    9.0080210001114,
    13.5660709994814,
    9.8038710000014,
    8.6462710001614
  ],
  "train_size": 600,
  "test_size": 12,
  "trajectory": [
    {
      "step": 0,
      "weights": {
        "residual_correction_advanced": 0.7234999999,
        "chunk_ensemble": 0.2765000001
      },
      "interval": 1
    }
  ]
}