{
  "pred": [
    11.620000000000001,
    9.22,
    9.82,
    9.22,
    9.32,
    11.120000000000001,
    8.02,
    11.620000000000001,
    9.22,
    9.82,
    9.22,
    9.32
  ],
  "train_size": 600,
  "test_size": 12,
  "trajectory": [
    {
      "step": 0,
      "weights": {
        "multi_resolution": 0.7499999999,
        "residual_correction_advanced": 0.2500000001
      },
      "interval": 3
    }
  ]
}