{
  "pred": [
    11.72,
    7.02,
    9.42,
    8.120000000000001,
    14.42,
    9.22,
    7.62,
    11.72,
    7.02,
    9.42,
    8.120000000000001,
    14.42
  ],
  "train_size": 600,
  "test_size": 12,
  "trajectory": [
    {
      "step": 0,
      "weights": {
        "residual_correction_advanced": 1.0
      },
      "interval": 3
    }
  ]
}