{
  "pred": [
    9.1,
    8.799999999999999,
    9.399999999999999,
    10.299999999999999,
    8.299999999999999,
    9.799999999999999,
    10.7,
    9.1,
    8.799999999999999,
    9.399999999999999,
    10.299999999999999,
    8.299999999999999
  ],
  "train_size": 600,
  "test_size": 12,
  "trajectory": [
    {
      "step": 0,
      "weights": {
        "multi_resolution": 0.5130652325,
        "residual_correction_advanced": 0.4869347675
      },
      "interval": 2
    }
  ]
}