{
  "pred": [
    10.45312500037639,
    10.491250000457406,
    10.52937500053842,
    10.567500000619436,
    10.605625000700453,
    10.643750000781468,
    10.681875000862483,
    10.7200000009435,
    10.758125001024514,
    10.796250001105529,
    10.834375001186544,
    10.87250000126756
  ],
  "train_size": 600,
  "test_size": 12,
  "trajectory": [
    {
      "step": 0,
      "weights": {
        "chunk_ensemble": 0.7499999998,
        "multi_resolution": 0.2000000001,
        "local_drift": 0.0500000001
      },
      "interval": 2
    }
  ]
}