{
  "pred": [
    12.521333333720177,
    11.048000000643736,
    14.081333333448178,
    12.521333333720177,
    14.081333333448178,
    12.781333333674844,
    14.514666666705956,
    12.521333333720177,
    11.048000000643736,
    14.081333333448178,
    12.521333333720177,
    14.081333333448178
  ],
  "train_size": 600,
  "test_size": 12,
  "trajectory": [
    {
      "step": 0,
      "weights": {
        "residual_correction_advanced": 0.6499999998,
        "multi_resolution": 0.2500000001,
        "naive": 0.1000000001
      },
      "interval": 3
    }
  ]
}