{
  "pred": [
    15.23841658874525,
    15.059584518426213,
    14.13603319860949,
    14.76248248245949,
    15.84832790779949,
    15.806564622209489,
    15.597748194259488,
    15.05482548158949,
    15.01306219599949,
    14.13603319860949,
    14.76248248245949,
    15.84832790779949
  ],
  "train_size": 600,
  "test_size": 12,
  "trajectory": [
    {
      "step": 0,
      "weights": {
        "auto_arima": 0.5823671441,
        "residual_correction_advanced": 0.4176328559
      },
      "interval": 2
    }
  ]
}