{
  "pred": [
    11.638000000000002,
    11.638000000000002,
    11.638000000000002,
    11.638000000000002,
    11.638000000000002,
    11.638000000000002,
    11.638000000000002,
    11.638000000000002,
    11.638000000000002,
    11.638000000000002,
    11.638000000000002,
    11.638000000000002
  ],
  "train_size": 600,
  "test_size": 12,
  "trajectory": [
    {
      "step": 0,
      "weights": {
        "progressive_adaptive_combiner": 0.6628182995,
        "chunk_ensemble": 0.3371817005
      },
      "interval": 2
    }
  ]
}