{
  "pred": [
    14.229195473080123,
    14.358482152433549,
    14.40627339159806,
    14.418709148217271,
    14.421239940561914,
    14.422189304049205,
    14.423292137092567,
    14.424622375790008,
    14.426051649071036,
    14.427508750340284,
    14.428970322897829,
    14.430431478410052
  ],
  "train_size": 600,
  "test_size": 12,
  "trajectory": [
    {
      "step": 0,
      "weights": {
        "auto_arima": 0.535752979,
        "ets": 0.464247021
      },
      "interval": 2
    }
  ]
}