{
  "pred": [
    14.710016694490816,
    14.720033388981635,
    14.730050083472454,
    14.740066777963271,
    14.75008347245409,
    14.760100166944907,
    14.770116861435726,
    14.780133555926543,
    14.790150250417362,
    14.80016694490818,
    14.810183639398998,
    14.820200333889815
  ],
  "train_size": 600,
  "test_size": 12,
  "trajectory": [
    {
      "step": 0,
      "weights": {
        "progressive_adaptive_combiner": 0.6164843061,
        "naive_drift": 0.3835156939
      },
      "interval": 2
    }
  ]
}