{
  "pred": [
    11.139999999999999,
    11.139999999999999,
    11.139999999999999,
    11.139999999999999,
    11.139999999999999,
    11.139999999999999,
    11.139999999999999,
    11.139999999999999,
    11.139999999999999,
    11.139999999999999,
    11.139999999999999,
    11.139999999999999
  ],
  "train_size": 600,
  "test_size": 12,
  "trajectory": [
    {
      "step": 0,
      "weights": {
        "multi_resolution": 1.0
      },
      "interval": 3
    }
  ]
}