{
  "pred": [
    6.607408253577024,
    6.921237981922049,
    5.910115645017075,
    5.3759760516021,
    6.325782771267125,
    7.91156648225215,
    5.734486327927175,
    6.578296882372199,
    6.892126610717225,
    5.88100427381225,
    5.346864680397275,
    6.2966714000623
  ],
  "train_size": 600,
  "test_size": 12,
  "trajectory": [
    {
      "step": 0,
      "weights": {
        "residual_correction_advanced": 0.5299808261,
        "naive_drift": 0.4700191739
      },
      "interval": 2
    }
  ]
}