{
  "pred": [
    12.1,
    16.0,
    16.8,
    16.6,
    15.6,
    15.2,
    17.7,
    12.1,
    16.0,
    16.8,
    16.6,
    15.6
  ],
  "train_size": 600,
  "test_size": 12,
  "trajectory": [
    {
      "step": 0,
      "weights": {
        "progressive_adaptive_combiner": 0.5192307691,
        "seasonal_naive": 0.4807692309
      },
      "interval": 2
    }
  ]
}