{
  "pred": [
    5.389983305509182,
    5.379966611018364,
    5.369949916527546,
    5.359933222036728,
    5.34991652754591,
    5.339899833055092,
    5.329883138564274,
    5.319866444073456,
    5.3098497495826384,
    5.2998330550918205,
    5.289816360601002,
    5.279799666110183
  ],
  "train_size": 600,
  "test_size": 12,
  "trajectory": [
    {
      "step": 0,
      "weights": {
        "progressive_adaptive_combiner": 0.5560220156,
        "naive_drift": 0.4439779844
      },
      "interval": 2
    }
  ]
}