{
  "pred": [
    4.0600000000000005,
    4.0600000000000005,
    4.0600000000000005,
    4.0600000000000005,
    4.0600000000000005,
    4.0600000000000005,
    4.0600000000000005,
    4.0600000000000005,
    4.0600000000000005,
    4.0600000000000005,
    4.0600000000000005,
    4.0600000000000005
  ],
  "train_size": 600,
  "test_size": 12,
  "trajectory": [
    {
      "step": 0,
      "weights": {
        "multi_resolution": 1.0
      },
      "interval": 1
    }
  ]
}