{
  "pred": [
    9.55746410684474,
    9.552730210361695,
    9.547996313878649,
    9.543262417395603,
    9.538528520912557,
    9.533794624429511,
    9.529060727946465,
    9.524326831463421,
    9.519592934980375,
    9.51485903849733,
    9.510125142014283,
    9.505391245531237
  ],
  "train_size": 600,
  "test_size": 12,
  "trajectory": [
    {
      "step": 0,
      "weights": {
        "progressive_adaptive_combiner": 0.6046928453,
        "detrender": 0.3953071547
      },
      "interval": 2
    }
  ]
}