{
  "pred": [
    8.260000000000002,
    10.96,
    11.860000000000001,
    13.96,
    15.760000000000002,
    14.46,
    13.16,
    8.260000000000002,
    10.96,
    11.860000000000001,
    13.96,
    15.760000000000002
  ],
  "train_size": 600,
  "test_size": 12,
  "trajectory": [
    {
      "step": 0,
      "weights": {
        "residual_correction_advanced": 1.0
      },
      "interval": 3
    }
  ]
}