{
  "pred": [
    7.760000000000001,
    7.160000000000001,
    5.660000000000001,
    9.66,
    3.0600000000000014,
    5.060000000000001,
    3.360000000000001,
    7.760000000000001,
    7.160000000000001,
    5.660000000000001,
    9.66,
    3.0600000000000014
  ],
  "train_size": 600,
  "test_size": 12,
  "trajectory": [
    {
      "step": 0,
      "weights": {
        "progressive_adaptive_combiner": 0.6835443039,
        "residual_correction_advanced": 0.3164556961
      },
      "interval": 2
    }
  ]
}