{
  "pred": [
    8.51619047637,
    9.46380952392,
    10.85365079366,
    11.485396825359999,
    11.54857142853,
    12.496190476079999,
    10.98,
    8.51619047637,
    9.46380952392,
    10.85365079366,
    11.485396825359999,
    11.54857142853
  ],
  "train_size": 600,
  "test_size": 12,
  "trajectory": [
    {
      "step": 0,
      "weights": {
        "residual_correction_advanced": 0.6317460317,
        "naive": 0.3682539683
      },
      "interval": 2
    }
  ]
}