{
  "pred": [
    9.204045824490105,
    10.071557717449501,
    10.384566492175269,
    10.434379926626836,
    10.42190641885335,
    10.410081238999181,
    10.405832101146801,
    10.405161542314906,
    10.405333604588398,
    10.405494790453986,
    10.405552471520698,
    10.405561497032078
  ],
  "train_size": 600,
  "test_size": 12,
  "trajectory": [
    {
      "step": 0,
      "weights": {
        "progressive_adaptive_combiner": 0.5534591989,
        "auto_arima": 0.4465408011
      },
      "interval": 2
    }
  ]
}