{
  "pred": [
    9.36,
    8.760000000000002,
    5.26,
    12.96,
    15.16,
    13.16,
    11.46,
    9.36,
    8.760000000000002,
    5.26,
    12.96,
    15.16
  ],
  "train_size": 600,
  "test_size": 12,
  "trajectory": [
    {
      "step": 0,
      "weights": {
        "residual_correction_advanced": 1.0
      },
      "interval": 3
    }
  ]
}