{
  "pred": [
    -3.5599999999999996,
    -3.5599999999999996,
    -1.7599999999999993,
    4.640000000000001,
    -2.4599999999999995,
    0.2400000000000002,
    6.440000000000001,
    -3.5599999999999996,
    -3.5599999999999996,
    -1.7599999999999993,
    4.640000000000001,
    -2.4599999999999995
  ],
  "train_size": 600,
  "test_size": 12,
  "trajectory": [
    {
      "step": 0,
      "weights": {
        "residual_correction_advanced": 1.0
      },
      "interval": 3
    }
  ]
}