{
  "pred": [
    13.824266666195504,
    14.690933332711056,
    14.25759999945328,
    15.904266665832836,
    14.690933332711056,
    16.510933332393723,
    13.564266666240835,
    13.824266666195504,
    14.690933332711056,
    14.25759999945328,
    15.904266665832836,
    14.690933332711056
  ],
  "train_size": 600,
  "test_size": 12,
  "trajectory": [
    {
      "step": 0,
      "weights": {
        "residual_correction_advanced": 0.6499999998,
        "multi_resolution": 0.2500000001,
        "chunk_ensemble": 0.1000000001
      },
      "interval": 1
    }
  ]
}