{
  "pred": [
    4.810912796468134,
    6.5229310000771115,
    8.390646384526088,
    5.665294934195065,
    6.676675824024041,
    9.400725703093018,
    11.112743906701995,
    4.8063572970509725,
    6.518375500659949,
    8.386090885108926,
    5.660739434777903,
    6.67212032460688
  ],
  "train_size": 600,
  "test_size": 12,
  "trajectory": [
    {
      "step": 0,
      "weights": {
        "residual_correction_advanced": 0.7784859042,
        "ets": 0.2215140958
      },
      "interval": 2
    }
  ]
}