{
  "pred": [
    9.78,
    9.879999999999999,
    7.279999999999999,
    8.58,
    9.379999999999999,
    9.98,
    8.28,
    9.78,
    9.879999999999999,
    7.279999999999999,
    8.58,
    9.379999999999999
  ],
  "train_size": 600,
  "test_size": 12,
  "trajectory": [
    {
      "step": 0,
      "weights": {
        "residual_correction_advanced": 1.0
      },
      "interval": 3
    }
  ]
}