{
  "pred": [
    10.121014482114697,
    10.114523311048995,
    10.140854167565847,
    10.15504620891998,
    10.158434588323423,
    10.15811431701094,
    10.15746896217445,
    10.157189597729644,
    10.157141046220133,
    10.157156492792456,
    10.157171209683328,
    10.157176417225287
  ],
  "train_size": 600,
  "test_size": 12,
  "trajectory": [
    {
      "step": 0,
      "weights": {
        "chunk_ensemble": 0.5430745858,
        "auto_arima": 0.4569254142
      },
      "interval": 2
    }
  ]
}