{
  "pred": [
    10.48,
    10.48,
    10.48,
    10.48,
    10.48,
    10.48,
    10.48,
    10.48,
    10.48,
    10.48,
    10.48,
    10.48
  ],
  "train_size": 600,
  "test_size": 12,
  "trajectory": [
    {
      "step": 0,
      "weights": {
        "chunk_ensemble": 0.6499999999,
        "multi_resolution": 0.3500000001
      },
      "interval": 3
    }
  ]
}