{
  "pred": [
    9.799999999999999,
    13.1,
    10.7,
    14.899999999999999,
    10.399999999999999,
    11.399999999999999,
    13.499999999999998,
    9.799999999999999,
    13.1,
    10.7,
    14.899999999999999,
    10.399999999999999
  ],
  "train_size": 600,
  "test_size": 12,
  "trajectory": [
    {
      "step": 0,
      "weights": {
        "residual_correction_advanced": 1.0
      },
      "interval": 3
    }
  ]
}