{
  "pred": [
    9.518090831492037,
    9.514291123075386,
    9.510491414658734,
    9.506691706242083,
    9.502891997825431,
    9.49909228940878,
    9.495292580992128,
    9.491492872575478,
    9.487693164158825,
    9.483893455742175,
    9.480093747325522,
    9.476294038908872
  ],
  "train_size": 600,
  "test_size": 12,
  "trajectory": [
    {
      "step": 0,
      "weights": {
        "progressive_adaptive_combiner": 0.5495649874,
        "ets": 0.4504350126
      },
      "interval": 2
    }
  ]
}