{
  "pred": [
    7.340000000000001,
    5.340000000000001,
    10.44,
    8.04,
    14.94,
    13.639999999999999,
    10.34,
    7.340000000000001,
    5.340000000000001,
    10.44,
    8.04,
    14.94
  ],
  "train_size": 600,
  "test_size": 12,
  "trajectory": [
    {
      "step": 0,
      "weights": {
        "multi_resolution": 0.6499999998,
        "residual_correction_advanced": 0.2500000001,
        "progressive_adaptive_combiner": 0.1000000001
      },
      "interval": 1
    }
  ]
}