{
  "pred": [
    8.6,
    9.200000000000001,
    6.2,
    7.7,
    9.9,
    10.9,
    11.0,
    8.6,
    9.200000000000001,
    6.2,
    7.7,
    9.9
  ],
  "train_size": 600,
  "test_size": 12,
  "trajectory": [
    {
      "step": 0,
      "weights": {
        "residual_correction_advanced": 1.0
      },
      "interval": 3
    }
  ]
}