{
  "pred": [
    15.059999999999999,
    15.059999999999999,
    15.059999999999999,
    15.059999999999999,
    15.059999999999999,
    15.059999999999999,
    15.059999999999999,
    15.059999999999999,
    15.059999999999999,
    15.059999999999999,
    15.059999999999999,
    15.059999999999999
  ],
  "train_size": 600,
  "test_size": 12,
  "trajectory": [
    {
      "step": 0,
      "weights": {
        "progressive_adaptive_combiner": 0.5101941809,
        "multi_resolution": 0.4898058191
      },
      "interval": 2
    }
  ]
}