{
  "pred": [
    8.820946259647995,
    8.816826618777979,
    8.812706977907961,
    8.808587337037945,
    8.80446769616793,
    8.800348055297913,
    8.796228414427897,
    8.792108773557882,
    8.787989132687864,
    8.783869491817848,
    8.779749850947832,
    8.775630210077816
  ],
  "train_size": 600,
  "test_size": 12,
  "trajectory": [
    {
      "step": 0,
      "weights": {
        "progressive_adaptive_combiner": 0.633549255,
        "ets": 0.366450745
      },
      "interval": 2
    }
  ]
}