{
  "pred": [
    9.12,
    8.419999999999998,
    5.52,
    4.22,
    6.920000000000001,
    9.719999999999999,
    10.219999999999999,
    9.12,
    8.419999999999998,
    5.52,
    4.22,
    6.920000000000001
  ],
  "train_size": 600,
  "test_size": 12,
  "trajectory": [
    {
      "step": 0,
      "weights": {
        "progressive_adaptive_combiner": 0.5928338762,
        "residual_correction_advanced": 0.4071661238
      },
      "interval": 2
    }
  ]
}