{
  "pred": [
    11.254,
    11.254,
    11.254,
    11.254,
    11.254,
    11.254,
    11.254,
    11.254,
    11.254,
    11.254,
    11.254,
    11.254
  ],
  "train_size": 600,
  "test_size": 12,
  "trajectory": [
    {
      "step": 0,
      "weights": {
        "progressive_adaptive_combiner": 0.6384775567,
        "chunk_ensemble": 0.3615224433
      },
      "interval": 2
    }
  ]
}