{
  "pred": [
    9.796,
    9.796,
    9.796,
    9.796,
    9.796,
    9.796,
    9.796,
    9.796,
    9.796,
    9.796,
    9.796,
    9.796
  ],
  "train_size": 600,
  "test_size": 12,
  "trajectory": [
    {
      "step": 0,
      "weights": {
        "multi_resolution": 0.6999999999,
        "chunk_ensemble": 0.3000000001
      },
      "interval": 3
    }
  ]
}