{
  "pred": [
    16.02,
    12.320000000000002,
    11.72,
    11.52,
    12.12,
    15.52,
    15.919999999999998,
    16.02,
    12.320000000000002,
    11.72,
    11.52,
    12.12
  ],
  "train_size": 600,
  "test_size": 12,
  "trajectory": [
    {
      "step": 0,
      "weights": {
        "residual_correction_advanced": 0.7499999999,
        "multi_resolution": 0.2500000001
      },
      "interval": 3
    }
  ]
}