{
  "pred": [
    8.044451523685225,
    7.8295472406191715,
    7.776472662298756,
    7.763364915800171,
    7.7601277159258,
    7.759328229680948,
    7.759130781799905,
    7.759082018402186,
    7.759069975381291,
    7.759067001135051,
    7.759066266590058,
    7.759066085180618
  ],
  "train_size": 600,
  "test_size": 12,
  "trajectory": [
    {
      "step": 0,
      "weights": {
        "progressive_adaptive_combiner": 0.5793845793,
        "auto_arima": 0.4206154207
      },
      "interval": 2
    }
  ]
}