{
  "pred": [
    9.819999999999999,
    11.319999999999999,
    9.62,
    10.819999999999999,
    10.92,
    12.719999999999999,
    13.819999999999999,
    9.819999999999999,
    11.319999999999999,
    9.62,
    10.819999999999999,
    10.92
  ],
  "train_size": 600,
  "test_size": 12,
  "trajectory": [
    {
      "step": 0,
      "weights": {
        "residual_correction_advanced": 1.0
      },
      "interval": 3
    }
  ]
}