{
  "pred": [
    6.879999999999999,
    4.779999999999999,
    3.1799999999999997,
    4.779999999999999,
    8.48,
    8.379999999999999,
    6.879999999999999,
    6.879999999999999,
    4.779999999999999,
    3.1799999999999997,
    4.779999999999999,
    8.48
  ],
  "train_size": 600,
  "test_size": 12,
  "trajectory": [
    {
      "step": 0,
      "weights": {
        "progressive_adaptive_combiner": 0.524714829,
        "residual_correction_advanced": 0.475285171
      },
      "interval": 2
    }
  ]
}