{
  "pred": [
    17.119999999999997,
    17.119999999999997,
    17.119999999999997,
    17.119999999999997,
    17.119999999999997,
    17.119999999999997,
    17.119999999999997,
    17.119999999999997,
    17.119999999999997,
    17.119999999999997,
    17.119999999999997,
    17.119999999999997
  ],
  "train_size": 600,
  "test_size": 12,
  "trajectory": [
    {
      "step": 0,
      "weights": {
        "multi_resolution": 1.0
      },
      "interval": 1
    }
  ]
}