{
  "pred": [
    9.501836393989983,
    9.503672787979967,
    9.50550918196995,
    9.507345575959933,
    9.509181969949916,
    9.5110183639399,
    9.512854757929883,
    9.514691151919866,
    9.51652754590985,
    9.518363939899833,
    9.520200333889816,
    9.522036727879799
  ],
  "train_size": 600,
  "test_size": 12,
  "trajectory": [
    {
      "step": 0,
      "weights": {
        "progressive_adaptive_combiner": 0.5200194534,
        "naive_drift": 0.4799805466
      },
      "interval": 2
    }
  ]
}