{
  "pred": [
    11.59,
    11.59,
    11.59,
    11.59,
    11.59,
    11.59,
    11.59,
    11.59,
    11.59,
    11.59,
    11.59,
    11.59
  ],
  "train_size": 600,
  "test_size": 12,
  "trajectory": [
    {
      "step": 0,
      "weights": {
        "progressive_adaptive_combiner": 0.5529327611,
        "chunk_ensemble": 0.4470672389
      },
      "interval": 2
    }
  ]
}