{
  "pred": [
    5.017460134231864,
    5.000685030771857,
    4.98390992731185,
    4.967134823851843,
    4.950359720391836,
    4.933584616931829,
    4.916809513471822,
    4.900034410011815,
    4.883259306551809,
    4.866484203091802,
    4.849709099631795,
    4.832933996171788
  ],
  "train_size": 600,
  "test_size": 12,
  "trajectory": [
    {
      "step": 0,
      "weights": {
        "progressive_adaptive_combiner": 0.509579024,
        "ets": 0.490420976
      },
      "interval": 2
    }
  ]
}