{
  "pred": [
    11.402170283806344,
    11.404340567612689,
    11.406510851419032,
    11.408681135225375,
    11.41085141903172,
    11.413021702838064,
    11.415191986644407,
    11.417362270450752,
    11.419532554257096,
    11.42170283806344,
    11.423873121869782,
    11.426043405676129
  ],
  "train_size": 600,
  "test_size": 12,
  "trajectory": [
    {
      "step": 0,
      "weights": {
        "progressive_adaptive_combiner": 0.6003011086,
        "naive_drift": 0.3996988914
      },
      "interval": 2
    }
  ]
}