{
  "pred": [
    9.227826984983857,
    9.703536958697713,
    9.60776539621157,
    9.892981524525425,
    7.082672665089282,
    8.891839556603138,
    11.605852213766996,
    9.224154506480852,
    9.699864480194709,
    9.604092917708565,
    9.88930904602242,
    7.079000186586277
  ],
  "train_size": 600,
  "test_size": 12,
  "trajectory": [
    {
      "step": 0,
      "weights": {
        "naive_drift": 0.5237653865,
        "residual_correction_advanced": 0.4762346135
      },
      "interval": 2
    }
  ]
}