{
  "pred": [
    5.68,
    6.079999999999999,
    6.28,
    7.079999999999999,
    5.68,
    8.579999999999998,
    6.179999999999999,
    5.68,
    6.079999999999999,
    6.28,
    7.079999999999999,
    5.68
  ],
  "train_size": 600,
  "test_size": 12,
  "trajectory": [
    {
      "step": 0,
      "weights": {
        "residual_correction_advanced": 0.5186721992,
        "progressive_adaptive_combiner": 0.4813278008
      },
      "interval": 2
    }
  ]
}