{
  "pred": [
    16.314190317195326,
    16.32838063439065,
    16.342570951585977,
    16.3567612687813,
    16.370951585976627,
    16.385141903171952,
    16.39933222036728,
    16.413522537562606,
    16.42771285475793,
    16.441903171953257,
    16.456093489148582,
    16.470283806343907
  ],
  "train_size": 600,
  "test_size": 12,
  "trajectory": [
    {
      "step": 0,
      "weights": {
        "naive_drift": 0.5300645189,
        "multi_resolution": 0.4699354811
      },
      "interval": 2
    }
  ]
}