{
  "pred": [
    18.919999999999998,
    17.62,
    18.52,
    15.520000000000001,
    14.520000000000001,
    15.72,
    19.22,
    18.919999999999998,
    17.62,
    18.52,
    15.520000000000001,
    14.520000000000001
  ],
  "train_size": 600,
  "test_size": 12,
  "trajectory": [
    {
      "step": 0,
      "weights": {
        "residual_correction_advanced": 1.0
      },
      "interval": 3
    }
  ]
}