{
  "pred": [
    7.914267874716667,
    7.901600889726711,
    7.888933904736758,
    7.8762669197468025,
    7.8635999347568495,
    7.850932949766896,
    7.83826596477694,
    7.825598979786987,
    7.812931994797031,
    7.800265009807077,
    7.787598024817124,
    7.774931039827169
  ],
  "train_size": 600,
  "test_size": 12,
  "trajectory": [
    {
      "step": 0,
      "weights": {
        "progressive_adaptive_combiner": 0.5810386588,
        "ets": 0.4189613412
      },
      "interval": 2
    }
  ]
}