{
  "pred": [
    13.780000000000001,
    13.780000000000001,
    13.780000000000001,
    13.780000000000001,
    13.780000000000001,
    13.780000000000001,
    13.780000000000001,
    13.780000000000001,
    13.780000000000001,
    13.780000000000001,
    13.780000000000001,
    13.780000000000001
  ],
  "train_size": 600,
  "test_size": 12,
  "trajectory": [
    {
      "step": 0,
      "weights": {
        "progressive_adaptive_combiner": 0.5823823141,
        "multi_resolution": 0.4176176859
      },
      "interval": 2
    }
  ]
}