{
  "pred": [
    9.394197736804394,
    8.524811136105159,
    8.27980059651178,
    8.27980059651178,
    8.27980059651178,
    8.27980059651178,
    8.27980059651178,
    8.27980059651178,
    8.27980059651178,
    8.27980059651178,
    8.27980059651178,
    8.27980059651178
  ],
  "train_size": 600,
  "test_size": 12,
  "trajectory": [
    {
      "step": 0,
      "weights": {
        "progressive_adaptive_combiner": 0.5389261076,
        "auto_arima": 0.4610738924
      },
      "interval": 2
    }
  ]
}