{
  "pred": [
    15.578976237681276,
    15.59077521390787,
    15.602574190134465,
    15.614373166361066,
    15.62617214258766,
    15.637971118814255,
    15.649770095040852,
    15.661569071267449,
    15.673368047494044,
    15.685167023720641,
    15.696965999947238,
    15.708764976173835
  ],
  "train_size": 600,
  "test_size": 12,
  "trajectory": [
    {
      "step": 0,
      "weights": {
        "ets": 0.5374508395,
        "multi_resolution": 0.4625491605
      },
      "interval": 2
    }
  ]
}