{
  "pred": [
    7.159999999999999,
    7.159999999999999,
    7.159999999999999,
    7.159999999999999,
    7.159999999999999,
    7.159999999999999,
    7.159999999999999,
    7.159999999999999,
    7.159999999999999,
    7.159999999999999,
    7.159999999999999,
    7.159999999999999
  ],
  "train_size": 600,
  "test_size": 12,
  "trajectory": [
    {
      "step": 0,
      "weights": {
        "progressive_adaptive_combiner": 0.6079959859,
        "multi_resolution": 0.3920040141
      },
      "interval": 2
    }
  ]
}