{
  "pred": [
    10.610731705958381,
    10.610731705958381,
    10.610731705958381,
    10.610731705958381,
    10.610731705958381,
    10.610731705958381,
    10.610731705958381,
    10.610731705958381,
    10.610731705958381,
    10.610731705958381,
    10.610731705958381,
    10.610731705958381
  ],
  "train_size": 600,
  "test_size": 12,
  "trajectory": [
    {
      "step": 0,
      "weights": {
        "chunk_ensemble": 0.7999999998,
        "multi_resolution": 0.1800000001,
        "bias_corrector": 0.0200000001
      },
      "interval": 3
    }
  ]
}