{
  "pred": [
    14.223348991037291,
    14.233047852868651,
    14.24274671470001,
    14.25244557653137,
    14.26214443836273,
    14.27184330019409,
    14.28154216202545,
    14.29124102385681,
    14.30093988568817,
    14.31063874751953,
    14.32033760935089,
    14.33003647118225
  ],
  "train_size": 600,
  "test_size": 12,
  "trajectory": [
    {
      "step": 0,
      "weights": {
        "ets": 0.5088619285,
        "multi_resolution": 0.4911380715
      },
      "interval": 2
    }
  ]
}