{
  "pred": [
    13.807178631051753,
    13.814357262103506,
    13.821535893155259,
    13.828714524207012,
    13.835893155258765,
    13.843071786310519,
    13.850250417362272,
    13.857429048414025,
    13.864607679465777,
    13.87178631051753,
    13.878964941569283,
    13.886143572621034
  ],
  "train_size": 600,
  "test_size": 12,
  "trajectory": [
    {
      "step": 0,
      "weights": {
        "multi_resolution": 0.534440136,
        "naive_drift": 0.465559864
      },
      "interval": 2
    }
  ]
}