{
  "pred": [
    9.198163606010016,
    9.196327212020032,
    9.194490818030049,
    9.192654424040066,
    9.190818030050083,
    9.188981636060099,
    9.187145242070116,
    9.185308848080133,
    9.183472454090149,
    9.181636060100166,
    9.179799666110183,
    9.1779632721202
  ],
  "train_size": 600,
  "test_size": 12,
  "trajectory": [
    {
      "step": 0,
      "weights": {
        "progressive_adaptive_combiner": 0.5953805931,
        "naive_drift": 0.4046194069
      },
      "interval": 2
    }
  ]
}