{
  "pred": [
    11.007791279634825,
    11.013803738731603,
    11.019816197828382,
    11.025828656925162,
    11.031841116021939,
    11.037853575118717,
    11.043866034215496,
    11.049878493312274,
    11.055890952409055,
    11.061903411505831,
    11.06791587060261,
    11.073928329699388
  ],
  "train_size": 600,
  "test_size": 12,
  "trajectory": [
    {
      "step": 0,
      "weights": {
        "progressive_adaptive_combiner": 0.5883653116,
        "ets": 0.4116346884
      },
      "interval": 2
    }
  ]
}