{
  "pred": [
    2.4600000000000004,
    5.5600000000000005,
    5.359999999999999,
    5.76,
    6.0600000000000005,
    6.66,
    9.36,
    2.4600000000000004,
    5.5600000000000005,
    5.359999999999999,
    5.76,
    6.0600000000000005
  ],
  "train_size": 600,
  "test_size": 12,
  "trajectory": [
    {
      "step": 0,
      "weights": {
        "residual_correction_advanced": 1.0
      },
      "interval": 3
    }
  ]
}