{
  "pred": [
    12.265592849994242,
    12.417641806516485,
    12.569690763038729,
    12.721739719560974,
    12.873788676083215,
    13.02583763260546,
    13.177886589127702,
    13.329935545649947,
    13.48198450217219,
    13.634033458694432,
    13.786082415216677,
    13.93813137173892
  ],
  "train_size": 600,
  "test_size": 12,
  "trajectory": [
    {
      "step": 0,
      "weights": {
        "local_drift": 0.5361174492,
        "naive_drift": 0.4638825508
      },
      "interval": 2
    }
  ]
}