{
  "pred": [
    13.026330377783818,
    13.98867464809696,
    14.259492090400146,
    14.278449501602362,
    14.256695032964302,
    14.244251437483134,
    14.240831904806155,
    14.240625702576931,
    14.24091608272526,
    14.241076866449978,
    14.241119996228775,
    14.24112216187435
  ],
  "train_size": 600,
  "test_size": 12,
  "trajectory": [
    {
      "step": 0,
      "weights": {
        "multi_resolution": 0.5088668809,
        "auto_arima": 0.4911331191
      },
      "interval": 2
    }
  ]
}