{
  "pred": [
    15.080000000000002,
    15.080000000000002,
    15.080000000000002,
    15.080000000000002,
    15.080000000000002,
    15.080000000000002,
    15.080000000000002,
    15.080000000000002,
    15.080000000000002,
    15.080000000000002,
    15.080000000000002,
    15.080000000000002
  ],
  "train_size": 600,
  "test_size": 12,
  "trajectory": [
    {
      "step": 0,
      "weights": {
        "progressive_adaptive_combiner": 0.660326087,
        "naive": 0.339673913
      },
      "interval": 2
    }
  ]
}