{
  "pred": [
    17.413846279285785,
    17.63921710401756,
    17.864587928749344,
    18.089958753481124,
    18.315329578212907,
    18.540700402944687,
    18.76607122767647,
    18.991442052408253,
    19.216812877140033,
    19.442183701871812,
    19.667554526603595,
    19.892925351335375
  ],
  "train_size": 600,
  "test_size": 12,
  "trajectory": [
    {
      "step": 0,
      "weights": {
        "naive_drift": 0.5807175857,
        "local_drift": 0.4192824143
      },
      "interval": 2
    }
  ]
}