{
  "pred": [
    9.8,
    8.9,
    7.0,
    9.600000000000001,
    9.600000000000001,
    13.3,
    6.3,
    9.8,
    8.9,
    7.0,
    9.600000000000001,
    9.600000000000001
  ],
  "train_size": 600,
  "test_size": 12,
  "trajectory": [
    {
      "step": 0,
      "weights": {
        "progressive_adaptive_combiner": 0.7300215983,
        "residual_correction_advanced": 0.2699784017
      },
      "interval": 2
    }
  ]
}