{
  "pred": [
    9.59432387312187,
    9.588647746243739,
    9.582971619365608,
    9.577295492487478,
    9.57161936560935,
    9.565943238731219,
    9.560267111853088,
    9.554590984974958,
    9.548914858096827,
    9.543238731218697,
    9.537562604340568,
    9.531886477462436
  ],
  "train_size": 600,
  "test_size": 12,
  "trajectory": [
    {
      "step": 0,
      "weights": {
        "multi_resolution": 0.5279733385,
        "naive_drift": 0.4720266615
      },
      "interval": 2
    }
  ]
}