{
  "pred": [
    19.48,
    21.080000000000002,
    19.580000000000002,
    13.98,
    19.580000000000002,
    20.48,
    15.18,
    19.48,
    21.080000000000002,
    19.580000000000002,
    13.98,
    19.580000000000002
  ],
  "train_size": 600,
  "test_size": 12,
  "trajectory": [
    {
      "step": 0,
      "weights": {
        "residual_correction_advanced": 1.0
      },
      "interval": 2
    }
  ]
}