{
  "pred": [
    13.944239631380002,
    12.244239631380001,
    14.344239631380002,
    12.844239631380002,
    15.144239631380001,
    14.044239631380002,
    13.844239631380002,
    13.944239631380002,
    12.244239631380001,
    14.344239631380002,
    12.844239631380002,
    15.144239631380001
  ],
  "train_size": 600,
  "test_size": 12,
  "trajectory": [
    {
      "step": 0,
      "weights": {
        "residual_correction_advanced": 0.529953917,
        "seasonal_naive": 0.470046083
      },
      "interval": 2
    }
  ]
}