{
  "pred": [
    12.403407685679154,
    11.989176287115825,
    11.90514382446161,
    11.888096698617884,
    11.884638457714871,
    11.883936906599866,
    11.883794587432183,
    11.883765716056946,
    11.883759859106531,
    11.883758670944626,
    11.883758429909856,
    11.88375838101268
  ],
  "train_size": 600,
  "test_size": 12,
  "trajectory": [
    {
      "step": 0,
      "weights": {
        "chunk_ensemble": 0.5162761874,
        "auto_arima": 0.4837238126
      },
      "interval": 2
    }
  ]
}