{
  "pred": [
    12.498000000000001,
    12.498000000000001,
    12.498000000000001,
    12.498000000000001,
    12.498000000000001,
    12.498000000000001,
    12.498000000000001,
    12.498000000000001,
    12.498000000000001,
    12.498000000000001,
    12.498000000000001,
    12.498000000000001
  ],
  "train_size": 600,
  "test_size": 12,
  "trajectory": [
    {
      "step": 0,
      "weights": {
        "progressive_adaptive_combiner": 0.5872952984,
        "chunk_ensemble": 0.4127047016
      },
      "interval": 2
    }
  ]
}