{
  "pred": [
    11.208000000000002,
    11.208000000000002,
    11.208000000000002,
    11.208000000000002,
    11.208000000000002,
    11.208000000000002,
    11.208000000000002,
    11.208000000000002,
    11.208000000000002,
    11.208000000000002,
    11.208000000000002,
    11.208000000000002
  ],
  "train_size": 600,
  "test_size": 12,
  "trajectory": [
    {
      "step": 0,
      "weights": {
        "progressive_adaptive_combiner": 0.5538900785,
        "chunk_ensemble": 0.4461099215
      },
      "interval": 2
    }
  ]
}