{
  "pred": [
    9.398521431349796,
    9.396682825143706,
    9.394844218937614,
    9.393005612731525,
    9.391167006525436,
    9.389328400319343,
    9.387489794113254,
    9.385651187907163,
    9.383812581701072,
    9.381973975494983,
    9.38013536928889,
    9.378296763082801
  ],
  "train_size": 600,
  "test_size": 12,
  "trajectory": [
    {
      "step": 0,
      "weights": {
        "chunk_ensemble": 0.544087888,
        "detrender": 0.455912112
      },
      "interval": 2
    }
  ]
}