{
  "pred": [
    10.025477910771835,
    9.988215069919349,
    9.95614390459384,
    9.945343064858816,
    9.945304545192368,
    9.947317932071302,
    9.948454612221246,
    9.948713293412023,
    9.948644424586238,
    9.948557086515759,
    9.948521052436709,
    9.948517278747701
  ],
  "train_size": 600,
  "test_size": 12,
  "trajectory": [
    {
      "step": 0,
      "weights": {
        "chunk_ensemble": 0.8499999999,
        "auto_arima": 0.1500000001
      },
      "interval": 3
    }
  ]
}