{
  "pred": [
    11.280000000000001,
    11.280000000000001,
    11.280000000000001,
    11.280000000000001,
    11.280000000000001,
    11.280000000000001,
    11.280000000000001,
    11.280000000000001,
    11.280000000000001,
    11.280000000000001,
    11.280000000000001,
    11.280000000000001
  ],
  "train_size": 600,
  "test_size": 12,
  "trajectory": [
    {
      "step": 0,
      "weights": {
        "progressive_adaptive_combiner": 0.5128604833,
        "chunk_ensemble": 0.4871395167
      },
      "interval": 2
    }
  ]
}