{
  "pred": [
    13.42,
    17.119999999999997,
    16.72,
    14.020000000000001,
    12.42,
    11.120000000000001,
    15.120000000000001,
    13.42,
    17.119999999999997,
    16.72,
    14.020000000000001,
    12.42
  ],
  "train_size": 600,
  "test_size": 12,
  "trajectory": [
    {
      "step": 0,
      "weights": {
        "residual_correction_advanced": 0.5868544601,
        "progressive_adaptive_combiner": 0.4131455399
      },
      "interval": 2
    }
  ]
}