{
  "pred": [
    12.940000000000001,
    12.940000000000001,
    12.940000000000001,
    12.940000000000001,
    12.940000000000001,
    12.940000000000001,
    12.940000000000001,
    12.940000000000001,
    12.940000000000001,
    12.940000000000001,
    12.940000000000001,
    12.940000000000001
  ],
  "train_size": 600,
  "test_size": 12,
  "trajectory": [
    {
      "step": 0,
      "weights": {
        "chunk_ensemble": 1.0
      },
      "interval": 2
    }
  ]
}