{
  "pred": [
    12.52,
    12.32,
    11.72,
    12.32,
    15.920000000000002,
    11.32,
    11.72,
    12.52,
    12.32,
    11.72,
    12.32,
    15.920000000000002
  ],
  "train_size": 600,
  "test_size": 12,
  "trajectory": [
    {
      "step": 0,
      "weights": {
        "residual_correction_advanced": 1.0
      },
      "interval": 2
    }
  ]
}