{
  "pred": [
    13.1604958222124,
    12.0210044991324,
    12.797930401232401,
    12.331774859972402,
    13.315881002632402,
    13.005110641792403,
    13.471266183052402,
    13.1604958222124,
    12.0210044991324,
    12.797930401232401,
    12.331774859972402,
    13.315881002632402
  ],
  "train_size": 600,
  "test_size": 12,
  "trajectory": [
    {
      "step": 0,
      "weights": {
        "residual_correction_advanced": 0.5179506014,
        "chunk_ensemble": 0.4820493986
      },
      "interval": 2
    }
  ]
}