{
  "pred": [
    14.214702873192742,
    13.983260482755707,
    13.883654576605997,
    13.861461959564034,
    13.863476756401317,
    13.868842739828906,
    13.873099984467688,
    13.87639974097181,
    13.87933924893585,
    13.882206204983365,
    13.885078066018952,
    13.887960892377563
  ],
  "train_size": 600,
  "test_size": 12,
  "trajectory": [
    {
      "step": 0,
      "weights": {
        "detrender": 0.5313066466,
        "auto_arima": 0.4686933534
      },
      "interval": 2
    }
  ]
}