{
  "pred": [
    13.5,
    13.0,
    15.899999999999999,
    15.7,
    17.099999999999998,
    16.8,
    15.3,
    13.5,
    13.0,
    15.899999999999999,
    15.7,
    17.099999999999998
  ],
  "train_size": 600,
  "test_size": 12,
  "trajectory": [
    {
      "step": 0,
      "weights": {
        "residual_correction_advanced": 1.0
      },
      "interval": 3
    }
  ]
}