{
  "pred": [
    16.73716448381913,
    16.7547794113949,
    16.772394338970674,
    16.790009266546445,
    16.80762419412222,
    16.82523912169799,
    16.842854049273765,
    16.860468976849535,
    16.87808390442531,
    16.89569883200108,
    16.913313759576855,
    16.930928687152626
  ],
  "train_size": 600,
  "test_size": 12,
  "trajectory": [
    {
      "step": 0,
      "weights": {
        "progressive_adaptive_combiner": 0.55613124,
        "ets": 0.44386876
      },
      "interval": 2
    }
  ]
}