{
  "pred": [
    13.5,
    13.5,
    13.5,
    13.5,
    13.5,
    13.5,
    13.5,
    13.5,
    13.5,
    13.5,
    13.5,
    13.5
  ],
  "train_size": 600,
  "test_size": 12,
  "trajectory": [
    {
      "step": 0,
      "weights": {
        "progressive_adaptive_combiner": 0.5840266222,
        "naive": 0.4159733778
      },
      "interval": 2
    }
  ]
}