{
  "pred": [
    9.9023352738798,
    10.102899574259599,
    12.810117934779399,
    11.3615677219092,
    12.353706988648998,
    11.762696322668798,
    13.018693911528597,
    9.921029185408399,
    10.121593485788196,
    12.828811846307996,
    11.380261633437797,
    12.372400900177595
  ],
  "train_size": 600,
  "test_size": 12,
  "trajectory": [
    {
      "step": 0,
      "weights": {
        "residual_correction_advanced": 0.6596458053,
        "naive_drift": 0.3403541947
      },
      "interval": 2
    }
  ]
}