{
  "pred": [
    17.3,
    15.899999999999999,
    17.900000000000002,
    13.299999999999999,
    12.9,
    10.2,
    13.7,
    17.3,
    15.899999999999999,
    17.900000000000002,
    13.299999999999999,
    12.9
  ],
  "train_size": 600,
  "test_size": 12,
  "trajectory": [
    {
      "step": 0,
      "weights": {
        "progressive_adaptive_combiner": 0.5954692557,
        "residual_correction_advanced": 0.4045307443
      },
      "interval": 2
    }
  ]
}