{
  "pred": [
    10.67830170047413,
    10.677479479758691,
    10.676657259043251,
    10.675835038327815,
    10.675012817612377,
    10.674190596896938,
    10.6733683761815,
    10.672546155466062,
    10.671723934750624,
    10.670901714035185,
    10.670079493319747,
    10.669257272604309
  ],
  "train_size": 600,
  "test_size": 12,
  "trajectory": [
    {
      "step": 0,
      "weights": {
        "chunk_ensemble": 0.5492222001,
        "ets": 0.4507777999
      },
      "interval": 2
    }
  ]
}