{
  "pred": [
    5.779999999999999,
    10.48,
    6.079999999999999,
    2.6799999999999997,
    7.579999999999999,
    8.780000000000001,
    9.08,
    5.779999999999999,
    10.48,
    6.079999999999999,
    2.6799999999999997,
    7.579999999999999
  ],
  "train_size": 600,
  "test_size": 12,
  "trajectory": [
    {
      "step": 0,
      "weights": {
        "residual_correction_advanced": 0.7234999999,
        "multi_resolution": 0.2765000001
      },
      "interval": 2
    }
  ]
}