{
  "pred": [
    7.258783496191999,
    4.055635898432,
    4.395363673952,
    7.744108889791999,
    10.025138239712,
    8.520629519552,
    8.714759676992,
    7.258783496191999,
    4.055635898432,
    4.395363673952,
    7.744108889791999,
    10.025138239712
  ],
  "train_size": 600,
  "test_size": 12,
  "trajectory": [
    {
      "step": 0,
      "weights": {
        "naive": 0.5146746064,
        "seasonal_naive": 0.4853253936
      },
      "interval": 2
    }
  ]
}