{
  "pred": [
    9.847075681691708,
    9.842890686733389,
    9.838705691775068,
    9.83452069681675,
    9.83033570185843,
    9.826150706900112,
    9.821965711941791,
    9.817780716983473,
    9.813595722025154,
    9.809410727066833,
    9.805225732108514,
    9.801040737150196
  ],
  "train_size": 600,
  "test_size": 12,
  "trajectory": [
    {
      "step": 0,
      "weights": {
        "progressive_adaptive_combiner": 0.660539279,
        "detrender": 0.339460721
      },
      "interval": 2
    }
  ]
}