{
  "pred": [
    11.414000000000001,
    11.414000000000001,
    11.414000000000001,
    11.414000000000001,
    11.414000000000001,
    11.414000000000001,
    11.414000000000001,
    11.414000000000001,
    11.414000000000001,
    11.414000000000001,
    11.414000000000001,
    11.414000000000001
  ],
  "train_size": 600,
  "test_size": 12,
  "trajectory": [
    {
      "step": 0,
      "weights": {
        "chunk_ensemble": 1.0
      },
      "interval": 1
    }
  ]
}