{
  "pred": [
    11.04,
    12.639999999999999,
    10.84,
    9.139999999999999,
    11.04,
    13.039999999999997,
    12.84,
    11.04,
    12.639999999999999,
    10.84,
    9.139999999999999,
    11.04
  ],
  "train_size": 600,
  "test_size": 12,
  "trajectory": [
    {
      "step": 0,
      "weights": {
        "progressive_adaptive_combiner": 0.6418338109,
        "residual_correction_advanced": 0.3581661891
      },
      "interval": 2
    }
  ]
}