{
  "pred": [
    9.1212000001804,
    10.241200000020399,
    12.1311999997504,
    10.241200000020399,
    10.381200000000398,
    7.7912000003704,
    9.6812000001004,
    9.1212000001804,
    10.241200000020399,
    12.1311999997504,
    10.241200000020399,
    10.381200000000398
  ],
  "train_size": 600,
  "test_size": 12,
  "trajectory": [
    {
      "step": 0,
      "weights": {
        "residual_correction_advanced": 0.6999999999,
        "chunk_ensemble": 0.3000000001
      },
      "interval": 3
    }
  ]
}