{
  "pred": [
    11.94,
    8.14,
    8.24,
    10.540000000000001,
    9.14,
    8.44,
    11.34,
    11.94,
    8.14,
    8.24,
    10.540000000000001,
    9.14
  ],
  "train_size": 600,
  "test_size": 12,
  "trajectory": [
    {
      "step": 0,
      "weights": {
        "residual_correction_advanced": 1.0
      },
      "interval": 2
    }
  ]
}