{
  "pred": [
    7.4399999999999995,
    3.34,
    0.23999999999999988,
    2.2399999999999998,
    7.4399999999999995,
    9.24,
    10.84,
    7.4399999999999995,
    3.34,
    0.23999999999999988,
    2.2399999999999998,
    7.4399999999999995
  ],
  "train_size": 600,
  "test_size": 12,
  "trajectory": [
    {
      "step": 0,
      "weights": {
        "residual_correction_advanced": 1.0
      },
      "interval": 3
    }
  ]
}