{
  "pred": [
    16.513188647746244,
    16.526377295492487,
    16.53956594323873,
    16.552754590984975,
    16.56594323873122,
    16.579131886477462,
    16.592320534223706,
    16.60550918196995,
    16.618697829716194,
    16.631886477462437,
    16.64507512520868,
    16.658263772954925
  ],
  "train_size": 600,
  "test_size": 12,
  "trajectory": [
    {
      "step": 0,
      "weights": {
        "progressive_adaptive_combiner": 0.6099785774,
        "naive_drift": 0.3900214226
      },
      "interval": 2
    }
  ]
}