{
  "pred": [
    8.74,
    9.54,
    9.84,
    5.74,
    2.6399999999999997,
    4.64,
    9.84,
    8.74,
    9.54,
    9.84,
    5.74,
    2.6399999999999997
  ],
  "train_size": 600,
  "test_size": 12,
  "trajectory": [
    {
      "step": 0,
      "weights": {
        "residual_correction_advanced": 1.0
      },
      "interval": 1
    }
  ]
}