{
  "pred": [
    10.558000000000002,
    10.558000000000002,
    10.558000000000002,
    10.558000000000002,
    10.558000000000002,
    10.558000000000002,
    10.558000000000002,
    10.558000000000002,
    10.558000000000002,
    10.558000000000002,
    10.558000000000002,
    10.558000000000002
  ],
  "train_size": 600,
  "test_size": 12,
  "trajectory": [
    {
      "step": 0,
      "weights": {
        "progressive_adaptive_combiner": 0.5120237352,
        "chunk_ensemble": 0.4879762648
      },
      "interval": 2
    }
  ]
}