{
  "pred": [
    13.140470103783576,
    13.149614975226841,
    13.158759846670108,
    13.167904718113371,
    13.177049589556635,
    13.1861944609999,
    13.195339332443167,
    13.204484203886427,
    13.213629075329694,
    13.222773946772959,
    13.231918818216222,
    13.241063689659486
  ],
  "train_size": 600,
  "test_size": 12,
  "trajectory": [
    {
      "step": 0,
      "weights": {
        "ets": 0.6250003263,
        "progressive_adaptive_combiner": 0.3749996737
      },
      "interval": 2
    }
  ]
}