{
  "pred": [
    12.791503479777154,
    13.62976578242568,
    13.877360166011464,
    13.877360166011464,
    13.877360166011464,
    13.877360166011464,
    13.877360166011464,
    13.877360166011464,
    13.877360166011464,
    13.877360166011464,
    13.877360166011464,
    13.877360166011464
  ],
  "train_size": 600,
  "test_size": 12,
  "trajectory": [
    {
      "step": 0,
      "weights": {
        "auto_arima": 0.6072995675,
        "naive_drift": 0.3927004325
      },
      "interval": 2
    }
  ]
}