{
  "pred": [
    9.993499999838201,
    11.493500000438202,
    13.918500001408201,
    10.743500000138202,
    10.543500000058202,
    10.843500000178201,
    10.593500000078201,
    9.993499999838201,
    11.493500000438202,
    13.918500001408201,
    10.743500000138202,
    10.543500000058202
  ],
  "train_size": 600,
  "test_size": 12,
  "trajectory": [
    {
      "step": 0,
      "weights": {
        "chunk_ensemble": 0.7499999999,
        "residual_correction_advanced": 0.2500000001
      },
      "interval": 2
    }
  ]
}