{
  "pred": [
    11.657999999999998,
    11.657999999999998,
    11.657999999999998,
    11.657999999999998,
    11.657999999999998,
    11.657999999999998,
    11.657999999999998,
    11.657999999999998,
    11.657999999999998,
    11.657999999999998,
    11.657999999999998,
    11.657999999999998
  ],
  "train_size": 600,
  "test_size": 12,
  "trajectory": [
    {
      "step": 0,
      "weights": {
        "progressive_adaptive_combiner": 0.5243531202,
        "chunk_ensemble": 0.4756468798
      },
      "interval": 2
    }
  ]
}