{
  "pred": [
    7.319311312123691,
    7.429603441918415,
    7.896518656243138,
    8.204934721887863,
    8.275602064512587,
    6.76127792033731,
    6.950819624472034,
    7.259235690116759,
    7.369527819911482,
    7.836443034236206,
    8.144859099880929,
    8.215526442505654
  ],
  "train_size": 600,
  "test_size": 12,
  "trajectory": [
    {
      "step": 0,
      "weights": {
        "ets": 0.6037521283,
        "residual_correction_advanced": 0.3962478717
      },
      "interval": 2
    }
  ]
}