{
  "pred": [
    13.163959428529118,
    12.487800707947468,
    12.20520154749365,
    12.15596094767581,
    12.168565840209332,
    12.180969768175185,
    12.18532599457645,
    12.185830349110955,
    12.18551333018567,
    12.185295737734615,
    12.185231648912012,
    12.185228742055221
  ],
  "train_size": 600,
  "test_size": 12,
  "trajectory": [
    {
      "step": 0,
      "weights": {
        "progressive_adaptive_combiner": 0.5988838219,
        "auto_arima": 0.4011161781
      },
      "interval": 2
    }
  ]
}