{
  "pred": [
    20.200000000000003,
    14.6,
    20.200000000000003,
    21.1,
    15.799999999999999,
    13.7,
    14.1,
    20.200000000000003,
    14.6,
    20.200000000000003,
    21.1,
    15.799999999999999
  ],
  "train_size": 600,
  "test_size": 12,
  "trajectory": [
    {
      "step": 0,
      "weights": {
        "residual_correction_advanced": 1.0
      },
      "interval": 1
    }
  ]
}