{
  "pred": [
    11.91773405070451,
    11.91948112234331,
    11.921228193982113,
    11.922975265620913,
    11.924722337259716,
    11.926469408898516,
    11.928216480537317,
    11.929963552176119,
    11.931710623814919,
    11.933457695453722,
    11.935204767092522,
    11.936951838731323
  ],
  "train_size": 600,
  "test_size": 12,
  "trajectory": [
    {
      "step": 0,
      "weights": {
        "detrender": 0.5052518273,
        "chunk_ensemble": 0.4947481727
      },
      "interval": 2
    }
  ]
}