{
  "pred": [
    3.8919549476900004,
    5.89195494769,
    6.791954947690001,
    6.69195494769,
    6.69195494769,
    9.09195494769,
    8.19195494769,
    3.8919549476900004,
    5.89195494769,
    6.791954947690001,
    6.69195494769,
    6.69195494769
  ],
  "train_size": 600,
  "test_size": 12,
  "trajectory": [
    {
      "step": 0,
      "weights": {
        "residual_correction_advanced": 0.5108608205,
        "seasonal_naive": 0.4891391795
      },
      "interval": 2
    }
  ]
}