{
  "pred": [
    7.5003338898163605,
    7.500667779632721,
    7.5010016694490815,
    7.501335559265442,
    7.5016694490818026,
    7.502003338898164,
    7.5023372287145245,
    7.502671118530885,
    7.5030050083472455,
    7.503338898163606,
    7.503672787979967,
    7.504006677796326
  ],
  "train_size": 600,
  "test_size": 12,
  "trajectory": [
    {
      "step": 0,
      "weights": {
        "progressive_adaptive_combiner": 0.6838269318,
        "naive_drift": 0.3161730682
      },
      "interval": 2
    }
  ]
}