{
  "pred": [
    9.42,
    9.42,
    9.42,
    9.42,
    9.42,
    9.42,
    9.42,
    9.42,
    9.42,
    9.42,
    9.42,
    9.42
  ],
  "train_size": 600,
  "test_size": 12,
  "trajectory": [
    {
      "step": 0,
      "weights": {
        "progressive_adaptive_combiner": 0.5993630509,
        "multi_resolution": 0.4006369491
      },
      "interval": 2
    }
  ]
}