{
  "pred": [
    7.982657483739503,
    8.77961396445098,
    9.295065657647093,
    9.493240860270653,
    9.542940594848481,
    9.546672085371569,
    9.542539431421998,
    9.539667903973434,
    9.53852497094218,
    9.538225509513515,
    9.538196542939756,
    9.538217681200775
  ],
  "train_size": 600,
  "test_size": 12,
  "trajectory": [
    {
      "step": 0,
      "weights": {
        "progressive_adaptive_combiner": 0.5715191994,
        "auto_arima": 0.4284808006
      },
      "interval": 2
    }
  ]
}