{
  "pred": [
    20.02,
    20.82,
    21.919999999999998,
    21.919999999999998,
    22.02,
    23.02,
    18.22,
    20.02,
    20.82,
    21.919999999999998,
    21.919999999999998,
    22.02
  ],
  "train_size": 600,
  "test_size": 12,
  "trajectory": [
    {
      "step": 0,
      "weights": {
        "residual_correction_advanced": 1.0
      },
      "interval": 1
    }
  ]
}