{
  "pred": [
    9.337835147133008,
    8.66732882921808,
    8.329064975291915,
    8.329064975291915,
    8.329064975291915,
    8.329064975291915,
    8.329064975291915,
    8.329064975291915,
    8.329064975291915,
    8.329064975291915,
    8.329064975291915,
    8.329064975291915
  ],
  "train_size": 600,
  "test_size": 12,
  "trajectory": [
    {
      "step": 0,
      "weights": {
        "auto_arima": 0.556316384,
        "progressive_adaptive_combiner": 0.443683616
      },
      "interval": 2
    }
  ]
}