{
  "pred": [
    10.627500000368439,
    10.515000000241876,
    10.752500000509064,
    10.415000000129375,
    10.365000000073124,
    10.202499999890312,
    10.815000000579376,
    10.627500000368439,
    10.515000000241876,
    10.752500000509064,
    10.415000000129375,
    10.365000000073124
  ],
  "train_size": 600,
  "test_size": 12,
  "trajectory": [
    {
      "step": 0,
      "weights": {
        "chunk_ensemble": 0.6999999998,
        "multi_resolution": 0.2000000001,
        "residual_correction_advanced": 0.1000000001
      },
      "interval": 3
    }
  ]
}