{
  "pred": [
    11.386050083656471,
    11.382766833794497,
    11.379483583932522,
    11.37620033407055,
    11.372917084208575,
    11.369633834346601,
    11.366350584484628,
    11.363067334622654,
    11.359784084760681,
    11.356500834898707,
    11.353217585036733,
    11.34993433517476
  ],
  "train_size": 600,
  "test_size": 12,
  "trajectory": [
    {
      "step": 0,
      "weights": {
        "multi_resolution": 0.6999999998,
        "chunk_ensemble": 0.2000000001,
        "naive_drift": 0.1000000001
      },
      "interval": 1
    }
  ]
}