{
  "pred": [
    6.301045332092095,
    6.288190321303405,
    6.2753353105147145,
    6.2624802997260245,
    6.2496252889373345,
    6.2367702781486445,
    6.2239152673599545,
    6.211060256571264,
    6.198205245782574,
    6.185350234993884,
    6.172495224205194,
    6.159640213416504
  ],
  "train_size": 600,
  "test_size": 12,
  "trajectory": [
    {
      "step": 0,
      "weights": {
        "ets": 0.5035001825,
        "trend_forecaster": 0.4964998175
      },
      "interval": 2
    }
  ]
}