{
  "pred": [
    12.173206456497358,
    12.17968108227906,
    12.186155708060763,
    12.192630333842466,
    12.19910495962417,
    12.205579585405873,
    12.212054211187576,
    12.218528836969279,
    12.225003462750983,
    12.231478088532684,
    12.237952714314389,
    12.244427340096092
  ],
  "train_size": 600,
  "test_size": 12,
  "trajectory": [
    {
      "step": 0,
      "weights": {
        "progressive_adaptive_combiner": 0.6231042465,
        "ets": 0.3768957535
      },
      "interval": 2
    }
  ]
}