{
  "pred": [
    10.9,
    10.9,
    10.9,
    10.9,
    10.9,
    10.9,
    10.9,
    10.9,
    10.9,
    10.9,
    10.9,
    10.9
  ],
  "train_size": 600,
  "test_size": 12,
  "trajectory": [
    {
      "step": 0,
      "weights": {
        "progressive_adaptive_combiner": 0.6067455006,
        "multi_resolution": 0.3932544994
      },
      "interval": 2
    }
  ]
}