{
  "pred": [
    16.58,
    17.779999999999998,
    18.18,
    15.88,
    12.680000000000001,
    11.58,
    10.680000000000001,
    16.58,
    17.779999999999998,
    18.18,
    15.88,
    12.680000000000001
  ],
  "train_size": 600,
  "test_size": 12,
  "trajectory": [
    {
      "step": 0,
      "weights": {
        "residual_correction_advanced": 1.0
      },
      "interval": 2
    }
  ]
}