{
  "pred": [
    13.095029589778186,
    13.09418404320907,
    13.093338496639953,
    13.092492950070838,
    13.091647403501721,
    13.090801856932606,
    13.089956310363489,
    13.089110763794372,
    13.088265217225256,
    13.08741967065614,
    13.086574124087024,
    13.085728577517907
  ],
  "train_size": 600,
  "test_size": 12,
  "trajectory": [
    {
      "step": 0,
      "weights": {
        "ets": 0.5092413236,
        "progressive_adaptive_combiner": 0.4907586764
      },
      "interval": 2
    }
  ]
}