{
  "pred": [
    9.040000000000001,
    7.9399999999999995,
    6.9399999999999995,
    8.44,
    11.14,
    11.24,
    7.74,
    9.040000000000001,
    7.9399999999999995,
    6.9399999999999995,
    8.44,
    11.14
  ],
  "train_size": 600,
  "test_size": 12,
  "trajectory": [
    {
      "step": 0,
      "weights": {
        "residual_correction_advanced": 1.0
      },
      "interval": 1
    }
  ]
}