{
  "pred": [
    15.6,
    19.0,
    12.799999999999999,
    12.200000000000001,
    12.0,
    11.1,
    11.799999999999999,
    15.6,
    19.0,
    12.799999999999999,
    12.200000000000001,
    12.0
  ],
  "train_size": 600,
  "test_size": 12,
  "trajectory": [
    {
      "step": 0,
      "weights": {
        "residual_correction_advanced": 0.7499999999,
        "multi_resolution": 0.2500000001
      },
      "interval": 3
    }
  ]
}