{
  "pred": [
    18.519999999999996,
    18.519999999999996,
    18.519999999999996,
    18.519999999999996,
    18.519999999999996,
    18.519999999999996,
    18.519999999999996,
    18.519999999999996,
    18.519999999999996,
    18.519999999999996,
    18.519999999999996,
    18.519999999999996
  ],
  "train_size": 600,
  "test_size": 12,
  "trajectory": [
    {
      "step": 0,
      "weights": {
        "progressive_adaptive_combiner": 0.5652173913,
        "prophet": 0.4347826087
      },
      "interval": 2
    }
  ]
}