{
  "pred": [
    9.260000000000002,
    9.260000000000002,
    9.260000000000002,
    9.260000000000002,
    9.260000000000002,
    9.260000000000002,
    9.260000000000002,
    9.260000000000002,
    9.260000000000002,
    9.260000000000002,
    9.260000000000002,
    9.260000000000002
  ],
  "train_size": 600,
  "test_size": 12,
  "trajectory": [
    {
      "step": 0,
      "weights": {
        "multi_resolution": 1.0
      },
      "interval": 2
    }
  ]
}