{
  "pred": [
    13.98,
    13.98,
    13.98,
    13.98,
    13.98,
    13.98,
    13.98,
    13.98,
    13.98,
    13.98,
    13.98,
    13.98
  ],
  "train_size": 600,
  "test_size": 12,
  "trajectory": [
    {
      "step": 0,
      "weights": {
        "progressive_adaptive_combiner": 0.6558843772,
        "naive": 0.3441156228
      },
      "interval": 2
    }
  ]
}