{
  "pred": [
    12.714,
    12.714,
    12.714,
    12.714,
    12.714,
    12.714,
    12.714,
    12.714,
    12.714,
    12.714,
    12.714,
    12.714
  ],
  "train_size": 600,
  "test_size": 12,
  "trajectory": [
    {
      "step": 0,
      "weights": {
        "chunk_ensemble": 0.5358367627,
        "progressive_adaptive_combiner": 0.4641632373
      },
      "interval": 2
    }
  ]
}