{
  "pred": [
    13.506343906510851,
    13.512687813021703,
    13.519031719532554,
    13.525375626043406,
    13.531719532554257,
    13.538063439065109,
    13.54440734557596,
    13.550751252086812,
    13.557095158597663,
    13.563439065108515,
    13.569782971619366,
    13.576126878130218
  ],
  "train_size": 600,
  "test_size": 12,
  "trajectory": [
    {
      "step": 0,
      "weights": {
        "progressive_adaptive_combiner": 0.50273988,
        "naive_drift": 0.49726012
      },
      "interval": 2
    }
  ]
}