{
  "pred": [
    14.612687813021703,
    14.625375626043406,
    14.638063439065107,
    14.65075125208681,
    14.663439065108513,
    14.676126878130216,
    14.688814691151919,
    14.701502504173622,
    14.714190317195325,
    14.726878130217028,
    14.73956594323873,
    14.752253756260433
  ],
  "train_size": 600,
  "test_size": 12,
  "trajectory": [
    {
      "step": 0,
      "weights": {
        "progressive_adaptive_combiner": 0.5898136354,
        "naive_drift": 0.4101863646
      },
      "interval": 2
    }
  ]
}