{
  "pred": [
    10.837971618661571,
    10.837609904693364,
    10.837248190725159,
    10.836886476756954,
    10.836524762788747,
    10.83616304882054,
    10.835801334852333,
    10.835439620884127,
    10.835077906915922,
    10.834716192947715,
    10.834354478979508,
    10.833992765011303
  ],
  "train_size": 600,
  "test_size": 12,
  "trajectory": [
    {
      "step": 0,
      "weights": {
        "multi_resolution": 0.6999999998,
        "chunk_ensemble": 0.2500000001,
        "naive_drift": 0.0500000001
      },
      "interval": 3
    }
  ]
}