{
  "pred": [
    14.542492866328816,
    14.54930297841763,
    14.556113090506445,
    14.56292320259526,
    14.569733314684076,
    14.57654342677289,
    14.583353538861704,
    14.590163650950519,
    14.596973763039333,
    14.603783875128148,
    14.610593987216962,
    14.617404099305777
  ],
  "train_size": 600,
  "test_size": 12,
  "trajectory": [
    {
      "step": 0,
      "weights": {
        "naive": 0.508523236,
        "naive_drift": 0.491476764
      },
      "interval": 2
    }
  ]
}