{
  "pred": [
    10.936115130625526,
    10.937860258187209,
    10.93960538574889,
    10.941350513310574,
    10.943095640872258,
    10.944840768433941,
    10.946585895995623,
    10.948331023557307,
    10.95007615111899,
    10.951821278680674,
    10.953566406242357,
    10.95531153380404
  ],
  "train_size": 600,
  "test_size": 12,
  "trajectory": [
    {
      "step": 0,
      "weights": {
        "progressive_adaptive_combiner": 0.5595233861,
        "ets": 0.4404766139
      },
      "interval": 2
    }
  ]
}