{
  "pred": [
    10.74,
    10.74,
    10.74,
    10.74,
    10.74,
    10.74,
    10.74,
    10.74,
    10.74,
    10.74,
    10.74,
    10.74
  ],
  "train_size": 600,
  "test_size": 12,
  "trajectory": [
    {
      "step": 0,
      "weights": {
        "progressive_adaptive_combiner": 0.6952625811,
        "multi_resolution": 0.3047374189
      },
      "interval": 2
    }
  ]
}