{
  "pred": [
    11.19482470784641,
    11.18964941569282,
    11.184474123539232,
    11.179298831385642,
    11.174123539232053,
    11.168948247078463,
    11.163772954924873,
    11.158597662771285,
    11.153422370617696,
    11.148247078464106,
    11.143071786310516,
    11.137896494156928
  ],
  "train_size": 600,
  "test_size": 12,
  "trajectory": [
    {
      "step": 0,
      "weights": {
        "naive_drift": 0.5022972357,
        "multi_resolution": 0.4977027643
      },
      "interval": 2
    }
  ]
}