{
  "pred": [
    14.972238121076636,
    15.24159392841927,
    15.510949735761905,
    15.780305543104536,
    16.04966135044717,
    16.31901715778981,
    16.588372965132443,
    16.857728772475078,
    17.127084579817712,
    17.396440387160343,
    17.66579619450298,
    17.935152001845616
  ],
  "train_size": 600,
  "test_size": 12,
  "trajectory": [
    {
      "step": 0,
      "weights": {
        "naive_drift": 0.5714017939,
        "local_drift": 0.4285982061
      },
      "interval": 2
    }
  ]
}