{
  "pred": [
    9.0,
    11.4,
    13.200000000000001,
    13.4,
    11.8,
    10.1,
    8.700000000000001,
    9.0,
    11.4,
    13.200000000000001,
    13.4,
    11.8
  ],
  "train_size": 600,
  "test_size": 12,
  "trajectory": [
    {
      "step": 0,
      "weights": {
        "multi_resolution": 0.5045651128,
        "residual_correction_advanced": 0.4954348872
      },
      "interval": 2
    }
  ]
}