{
  "pred": [
    16.04,
    16.04,
    16.04,
    16.04,
    16.04,
    16.04,
    16.04,
    16.04,
    16.04,
    16.04,
    16.04,
    16.04
  ],
  "train_size": 600,
  "test_size": 12,
  "trajectory": [
    {
      "step": 0,
      "weights": {
        "progressive_adaptive_combiner": 0.6323529412,
        "naive": 0.3676470588
      },
      "interval": 2
    }
  ]
}