{
  "pred": [
    6.19449081803005,
    6.188981636060101,
    6.1834724540901504,
    6.177963272120199,
    6.17245409015025,
    6.166944908180302,
    6.1614357262103505,
    6.155926544240401,
    6.150417362270451,
    6.144908180300501,
    6.1393989983305515,
    6.133889816360602
  ],
  "train_size": 600,
  "test_size": 12,
  "trajectory": [
    {
      "step": 0,
      "weights": {
        "progressive_adaptive_combiner": 0.6503643151,
        "naive_drift": 0.3496356849
      },
      "interval": 2
    }
  ]
}