{
  "pred": [
    13.78,
    14.379999999999999,
    14.480000000000002,
    14.98,
    9.18,
    6.68,
    11.379999999999999,
    13.78,
    14.379999999999999,
    14.480000000000002,
    14.98,
    9.18
  ],
  "train_size": 600,
  "test_size": 12,
  "trajectory": [
    {
      "step": 0,
      "weights": {
        "progressive_adaptive_combiner": 0.5551601424,
        "residual_correction_advanced": 0.4448398576
      },
      "interval": 2
    }
  ]
}