{
  "pred": [
    9.405484140233721,
    9.399316034211203,
    9.393147928188688,
    9.386979822166172,
    9.380811716143654,
    9.374643610121137,
    9.36847550409862,
    9.362307398076105,
    9.356139292053587,
    9.34997118603107,
    9.343803080008554,
    9.337634973986038
  ],
  "train_size": 600,
  "test_size": 12,
  "trajectory": [
    {
      "step": 0,
      "weights": {
        "multi_resolution": 0.6066405918,
        "detrender": 0.3933594082
      },
      "interval": 2
    }
  ]
}