{
  "pred": [
    8.207006489959264,
    8.20146990979567,
    8.195933329632076,
    8.190396749468484,
    8.18486016930489,
    8.179323589141296,
    8.173787008977701,
    8.168250428814108,
    8.162713848650515,
    8.15717726848692,
    8.151640688323328,
    8.146104108159733
  ],
  "train_size": 600,
  "test_size": 12,
  "trajectory": [
    {
      "step": 0,
      "weights": {
        "trend_forecaster": 0.5090427732,
        "ets": 0.4909572268
      },
      "interval": 2
    }
  ]
}