{
  "pred": [
    11.39,
    11.39,
    11.39,
    11.39,
    11.39,
    11.39,
    11.39,
    11.39,
    11.39,
    11.39,
    11.39,
    11.39
  ],
  "train_size": 600,
  "test_size": 12,
  "trajectory": [
    {
      "step": 0,
      "weights": {
        "chunk_ensemble": 0.5199667222,
        "progressive_adaptive_combiner": 0.4800332778
      },
      "interval": 2
    }
  ]
}