{
  "pred": [
    10.796508313934673,
    10.794854785537954,
    10.793201257141233,
    10.791547728744513,
    10.789894200347792,
    10.788240671951073,
    10.786587143554351,
    10.78493361515763,
    10.78328008676091,
    10.781626558364191,
    10.77997302996747,
    10.77831950157075
  ],
  "train_size": 600,
  "test_size": 12,
  "trajectory": [
    {
      "step": 0,
      "weights": {
        "prophet": 0.5029128091,
        "ets": 0.4970871909
      },
      "interval": 2
    }
  ]
}