{
  "pred": [
    15.879999999999999,
    14.78,
    9.379999999999999,
    9.48,
    14.18,
    17.18,
    12.98,
    15.879999999999999,
    14.78,
    9.379999999999999,
    9.48,
    14.18
  ],
  "train_size": 600,
  "test_size": 12,
  "trajectory": [
    {
      "step": 0,
      "weights": {
        "multi_resolution": 0.7499999999,
        "residual_correction_advanced": 0.2500000001
      },
      "interval": 3
    }
  ]
}