{
  "pred": [
    10.9,
    12.1,
    15.6,
    19.6,
    14.9,
    11.7,
    12.6,
    10.9,
    12.1,
    15.6,
    19.6,
    14.9
  ],
  "train_size": 600,
  "test_size": 12,
  "trajectory": [
    {
      "step": 0,
      "weights": {
        "residual_correction_advanced": 0.7499999999,
        "multi_resolution": 0.2500000001
      },
      "interval": 3
    }
  ]
}