{
  "pred": [
    8.74,
    8.64,
    11.540000000000001,
    16.740000000000002,
    16.44,
    13.14,
    11.24,
    8.74,
    8.64,
    11.540000000000001,
    16.740000000000002,
    16.44
  ],
  "train_size": 600,
  "test_size": 12,
  "trajectory": [
    {
      "step": 0,
      "weights": {
        "residual_correction_advanced": 1.0
      },
      "interval": 2
    }
  ]
}