{
  "pred": [
    3.120000000000001,
    5.020000000000001,
    9.22,
    5.7200000000000015,
    7.420000000000001,
    9.32,
    9.72,
    3.120000000000001,
    5.020000000000001,
    9.22,
    5.7200000000000015,
    7.420000000000001
  ],
  "train_size": 600,
  "test_size": 12,
  "trajectory": [
    {
      "step": 0,
      "weights": {
        "residual_correction_advanced": 1.0
      },
      "interval": 1
    }
  ]
}