{
  "pred": [
    7.62,
    8.72,
    9.92,
    5.12,
    3.4199999999999995,
    1.9199999999999995,
    2.9199999999999995,
    7.62,
    8.72,
    9.92,
    5.12,
    3.4199999999999995
  ],
  "train_size": 600,
  "test_size": 12,
  "trajectory": [
    {
      "step": 0,
      "weights": {
        "residual_correction_advanced": 1.0
      },
      "interval": 1
    }
  ]
}