{
  "pred": [
    13.6110183639399,
    13.622036727879799,
    13.633055091819699,
    13.6440734557596,
    13.655091819699498,
    13.666110183639399,
    13.677128547579299,
    13.688146911519198,
    13.699165275459098,
    13.710183639398998,
    13.721202003338897,
    13.732220367278797
  ],
  "train_size": 600,
  "test_size": 12,
  "trajectory": [
    {
      "step": 0,
      "weights": {
        "progressive_adaptive_combiner": 0.7496310172,
        "naive_drift": 0.2503689828
      },
      "interval": 2
    }
  ]
}