{
  "pred": [
    13.831230507151647,
    13.837401629042722,
    13.843572750933799,
    13.849743872824874,
    13.85591499471595,
    13.862086116607028,
    13.868257238498103,
    13.87442836038918,
    13.880599482280257,
    13.88677060417133,
    13.89294172606241,
    13.899112847953484
  ],
  "train_size": 600,
  "test_size": 12,
  "trajectory": [
    {
      "step": 0,
      "weights": {
        "progressive_adaptive_combiner": 0.5758105859,
        "ets": 0.4241894141
      },
      "interval": 2
    }
  ]
}