{
  "pred": [
    7.1000000000000005,
    5.1,
    3.0999999999999996,
    5.1,
    6.0,
    5.8999999999999995,
    5.8999999999999995,
    7.1000000000000005,
    5.1,
    3.0999999999999996,
    5.1,
    6.0
  ],
  "train_size": 600,
  "test_size": 12,
  "trajectory": [
    {
      "step": 0,
      "weights": {
        "residual_correction_advanced": 0.7499999999,
        "multi_resolution": 0.2500000001
      },
      "interval": 4
    }
  ]
}