{
  "pred": [
    17.06748795916053,
    17.081799808437417,
    17.0961116577143,
    17.110423506991186,
    17.12473535626807,
    17.139047205544955,
    17.153359054821838,
    17.167670904098724,
    17.181982753375607,
    17.196294602652493,
    17.210606451929376,
    17.224918301206262
  ],
  "train_size": 600,
  "test_size": 12,
  "trajectory": [
    {
      "step": 0,
      "weights": {
        "progressive_adaptive_combiner": 0.5960914619,
        "ets": 0.4039085381
      },
      "interval": 2
    }
  ]
}