{
  "pred": [
    11.078000000000001,
    11.078000000000001,
    11.078000000000001,
    11.078000000000001,
    11.078000000000001,
    11.078000000000001,
    11.078000000000001,
    11.078000000000001,
    11.078000000000001,
    11.078000000000001,
    11.078000000000001,
    11.078000000000001
  ],
  "train_size": 600,
  "test_size": 12,
  "trajectory": [
    {
      "step": 0,
      "weights": {
        "progressive_adaptive_combiner": 0.6135295572,
        "chunk_ensemble": 0.3864704428
      },
      "interval": 2
    }
  ]
}