{
  "pred": [
    10.614,
    10.614,
    10.614,
    10.614,
    10.614,
    10.614,
    10.614,
    10.614,
    10.614,
    10.614,
    10.614,
    10.614
  ],
  "train_size": 600,
  "test_size": 12,
  "trajectory": [
    {
      "step": 0,
      "weights": {
        "multi_resolution": 0.5332082415,
        "chunk_ensemble": 0.4667917585
      },
      "interval": 2
    }
  ]
}