{
  "pred": [
    10.716,
    10.716,
    10.716,
    10.716,
    10.716,
    10.716,
    10.716,
    10.716,
    10.716,
    10.716,
    10.716,
    10.716
  ],
  "train_size": 600,
  "test_size": 12,
  "trajectory": [
    {
      "step": 0,
      "weights": {
        "progressive_adaptive_combiner": 0.6773360868,
        "chunk_ensemble": 0.3226639132
      },
      "interval": 2
    }
  ]
}