{
  "pred": [
    10.968,
    10.968,
    10.968,
    10.968,
    10.968,
    10.968,
    10.968,
    10.968,
    10.968,
    10.968,
    10.968,
    10.968
  ],
  "train_size": 600,
  "test_size": 12,
  "trajectory": [
    {
      "step": 0,
      "weights": {
        "chunk_ensemble": 0.7999999999,
        "multi_resolution": 0.2000000001
      },
      "interval": 2
    }
  ]
}