{
  "pred": [
    14.51321299548068,
    14.521989695749362,
    14.530766396018043,
    14.539543096286723,
    14.548319796555406,
    14.557096496824085,
    14.565873197092769,
    14.574649897361448,
    14.58342659763013,
    14.592203297898811,
    14.600979998167492,
    14.609756698436172
  ],
  "train_size": 600,
  "test_size": 12,
  "trajectory": [
    {
      "step": 0,
      "weights": {
        "naive_drift": 0.5652949958,
        "naive": 0.4347050042
      },
      "interval": 2
    }
  ]
}