{
  "pred": [
    8.010692535339604,
    7.9995985978845905,
    7.988504660429577,
    7.977410722974563,
    7.966316785519549,
    7.955222848064537,
    7.944128910609521,
    7.933034973154509,
    7.921941035699495,
    7.910847098244481,
    7.8997531607894675,
    7.888659223334454
  ],
  "train_size": 600,
  "test_size": 12,
  "trajectory": [
    {
      "step": 0,
      "weights": {
        "ets": 0.5139382903,
        "naive": 0.4860617097
      },
      "interval": 2
    }
  ]
}