{
  "pred": [
    12.751999999999999,
    12.751999999999999,
    12.751999999999999,
    12.751999999999999,
    12.751999999999999,
    12.751999999999999,
    12.751999999999999,
    12.751999999999999,
    12.751999999999999,
    12.751999999999999,
    12.751999999999999,
    12.751999999999999
  ],
  "train_size": 600,
  "test_size": 12,
  "trajectory": [
    {
      "step": 0,
      "weights": {
        "progressive_adaptive_combiner": 0.515278424,
        "chunk_ensemble": 0.484721576
      },
      "interval": 2
    }
  ]
}