{
  "pred": [
    14.369393327540958,
    14.382349441471634,
    14.395305555402311,
    14.408261669332987,
    14.421217783263664,
    14.43417389719434,
    14.447130011125017,
    14.460086125055692,
    14.47304223898637,
    14.485998352917045,
    14.498954466847723,
    14.5119105807784
  ],
  "train_size": 600,
  "test_size": 12,
  "trajectory": [
    {
      "step": 0,
      "weights": {
        "progressive_adaptive_combiner": 0.5281103814,
        "ets": 0.4718896186
      },
      "interval": 2
    }
  ]
}