{
  "pred": [
    10.254000000000001,
    10.254000000000001,
    10.254000000000001,
    10.254000000000001,
    10.254000000000001,
    10.254000000000001,
    10.254000000000001,
    10.254000000000001,
    10.254000000000001,
    10.254000000000001,
    10.254000000000001,
    10.254000000000001
  ],
  "train_size": 600,
  "test_size": 12,
  "trajectory": [
    {
      "step": 0,
      "weights": {
        "chunk_ensemble": 0.584330591,
        "progressive_adaptive_combiner": 0.415669409
      },
      "interval": 2
    }
  ]
}