{
  "pred": [
    7.9799999999999995,
    7.9799999999999995,
    7.9799999999999995,
    7.9799999999999995,
    7.9799999999999995,
    7.9799999999999995,
    7.9799999999999995,
    7.9799999999999995,
    7.9799999999999995,
    7.9799999999999995,
    7.9799999999999995,
    7.9799999999999995
  ],
  "train_size": 600,
  "test_size": 12,
  "trajectory": [
    {
      "step": 0,
      "weights": {
        "multi_resolution": 1.0
      },
      "interval": 3
    }
  ]
}