{
  "pred": [
    14.180000000000001,
    14.180000000000001,
    14.180000000000001,
    14.180000000000001,
    14.180000000000001,
    14.180000000000001,
    14.180000000000001,
    14.180000000000001,
    14.180000000000001,
    14.180000000000001,
    14.180000000000001,
    14.180000000000001
  ],
  "train_size": 600,
  "test_size": 12,
  "trajectory": [
    {
      "step": 0,
      "weights": {
        "progressive_adaptive_combiner": 0.5444511547,
        "multi_resolution": 0.4555488453
      },
      "interval": 2
    }
  ]
}