{
  "pred": [
    10.48,
    7.180000000000001,
    9.88,
    9.780000000000001,
    6.48,
    6.28,
    5.380000000000001,
    10.48,
    7.180000000000001,
    9.88,
    9.780000000000001,
    6.48
  ],
  "train_size": 600,
  "test_size": 12,
  "trajectory": [
    {
      "step": 0,
      "weights": {
        "residual_correction_advanced": 1.0
      },
      "interval": 3
    }
  ]
}