{
  "pred": [
    14.799999999999997,
    11.8,
    14.299999999999997,
    16.5,
    17.799999999999997,
    17.5,
    17.299999999999997,
    14.799999999999997,
    11.8,
    14.299999999999997,
    16.5,
    17.799999999999997
  ],
  "train_size": 600,
  "test_size": 12,
  "trajectory": [
    {
      "step": 0,
      "weights": {
        "residual_correction_advanced": 1.0
      },
      "interval": 2
    }
  ]
}