{
  "pred": [
    13.680180339767457,
    13.68476048217098,
    13.6893406245745,
    13.693920766978023,
    13.698500909381545,
    13.703081051785066,
    13.707661194188589,
    13.712241336592111,
    13.716821478995632,
    13.721401621399155,
    13.725981763802675,
    13.730561906206198
  ],
  "train_size": 600,
  "test_size": 12,
  "trajectory": [
    {
      "step": 0,
      "weights": {
        "ets": 0.5028882793,
        "trend_forecaster": 0.4971117207
      },
      "interval": 2
    }
  ]
}