{
  "pred": [
    13.766818171422427,
    13.844380719838755,
    13.876332003737947,
    13.887932080748008,
    13.892656911319687,
    13.89544965341091,
    13.89779080262584,
    13.900052092364637,
    13.902307946599665,
    13.90456731284156,
    13.90682891711662,
    13.909091396312721
  ],
  "train_size": 600,
  "test_size": 12,
  "trajectory": [
    {
      "step": 0,
      "weights": {
        "auto_arima": 0.5090031197,
        "detrender": 0.4909968803
      },
      "interval": 2
    }
  ]
}