{
  "pred": [
    10.809477879443579,
    10.808705759242375,
    10.807933639041174,
    10.80716151883997,
    10.806389398638771,
    10.805617278437566,
    10.804845158236363,
    10.804073038035163,
    10.803300917833958,
    10.802528797632759,
    10.801756677431555,
    10.80098455723035
  ],
  "train_size": 600,
  "test_size": 12,
  "trajectory": [
    {
      "step": 0,
      "weights": {
        "chunk_ensemble": 0.6999999998,
        "multi_resolution": 0.2000000001,
        "naive_drift": 0.1000000001
      },
      "interval": 2
    }
  ]
}