{
  "pred": [
    10.16,
    10.16,
    10.16,
    10.16,
    10.16,
    10.16,
    10.16,
    10.16,
    10.16,
    10.16,
    10.16,
    10.16
  ],
  "train_size": 600,
  "test_size": 12,
  "trajectory": [
    {
      "step": 0,
      "weights": {
        "multi_resolution": 0.7234999999,
        "chunk_ensemble": 0.2765000001
      },
      "interval": 3
    }
  ]
}