{
  "pred": [
    3.6399999999999997,
    5.4399999999999995,
    6.64,
    1.8399999999999999,
    0.6399999999999997,
    2.1399999999999997,
    3.84,
    3.6399999999999997,
    5.4399999999999995,
    6.64,
    1.8399999999999999,
    0.6399999999999997
  ],
  "train_size": 600,
  "test_size": 12,
  "trajectory": [
    {
      "step": 0,
      "weights": {
        "residual_correction_advanced": 1.0
      },
      "interval": 2
    }
  ]
}