{
  "pred": [
    13.293666501882422,
    13.309530221139012,
    13.325393940395603,
    13.341257659652193,
    13.357121378908783,
    13.372985098165373,
    13.388848817421964,
    13.404712536678556,
    13.420576255935146,
    13.436439975191735,
    13.452303694448325,
    13.468167413704915
  ],
  "train_size": 600,
  "test_size": 12,
  "trajectory": [
    {
      "step": 0,
      "weights": {
        "naive_drift": 0.5988703438,
        "ets": 0.4011296562
      },
      "interval": 2
    }
  ]
}