{
  "pred": [
    11.360000000000001,
    11.360000000000001,
    11.360000000000001,
    11.360000000000001,
    11.360000000000001,
    11.360000000000001,
    11.360000000000001,
    11.360000000000001,
    11.360000000000001,
    11.360000000000001,
    11.360000000000001,
    11.360000000000001
  ],
  "train_size": 600,
  "test_size": 12,
  "trajectory": [
    {
      "step": 0,
      "weights": {
        "progressive_adaptive_combiner": 0.5177079276,
        "multi_resolution": 0.4822920724
      },
      "interval": 2
    }
  ]
}