{
  "pred": [
    8.22,
    9.02,
    2.8200000000000003,
    3.9200000000000004,
    7.119999999999999,
    1.7200000000000002,
    3.22,
    8.22,
    9.02,
    2.8200000000000003,
    3.9200000000000004,
    7.119999999999999
  ],
  "train_size": 600,
  "test_size": 12,
  "trajectory": [
    {
      "step": 0,
      "weights": {
        "residual_correction_advanced": 0.7234999999,
        "multi_resolution": 0.2765000001
      },
      "interval": 3
    }
  ]
}