{
  "pred": [
    15.01864661678,
    15.956992481579999,
    14.72541353403,
    14.314887218179997,
    14.43218045128,
    12.027669172729999,
    12.55548872168,
    15.01864661678,
    15.956992481579999,
    14.72541353403,
    14.314887218179997,
    14.43218045128
  ],
  "train_size": 600,
  "test_size": 12,
  "trajectory": [
    {
      "step": 0,
      "weights": {
        "residual_correction_advanced": 0.5864661655,
        "naive": 0.4135338345
      },
      "interval": 2
    }
  ]
}