{
  "pred": [
    6.819999999999999,
    10.12,
    10.819999999999999,
    10.319999999999999,
    11.819999999999999,
    10.819999999999999,
    10.719999999999999,
    6.819999999999999,
    10.12,
    10.819999999999999,
    10.319999999999999,
    11.819999999999999
  ],
  "train_size": 600,
  "test_size": 12,
  "trajectory": [
    {
      "step": 0,
      "weights": {
        "residual_correction_advanced": 1.0
      },
      "interval": 2
    }
  ]
}