{
  "pred": [
    10.787733333767964,
    10.861066667257742,
    10.807733333810631,
    10.70106666691641,
    10.861066667257742,
    10.861066667257742,
    10.807733333810631,
    10.787733333767964,
    10.861066667257742,
    10.807733333810631,
    10.70106666691641,
    10.861066667257742
  ],
  "train_size": 600,
  "test_size": 12,
  "trajectory": [
    {
      "step": 0,
      "weights": {
        "chunk_ensemble": 0.6999999998,
        "multi_resolution": 0.2500000001,
        "residual_correction_advanced": 0.0500000001
      },
      "interval": 1
    }
  ]
}