{
  "pred": [
    21.42,
    14.719999999999999,
    10.62,
    7.72,
    9.12,
    8.92,
    10.219999999999999,
    21.42,
    14.719999999999999,
    10.62,
    7.72,
    9.12
  ],
  "train_size": 600,
  "test_size": 12,
  "trajectory": [
    {
      "step": 0,
      "weights": {
        "residual_correction_advanced": 1.0
      },
      "interval": 4
    }
  ]
}