{
  "pred": [
    11.219999999999999,
    11.219999999999999,
    11.219999999999999,
    11.219999999999999,
    11.219999999999999,
    11.219999999999999,
    11.219999999999999,
    11.219999999999999,
    11.219999999999999,
    11.219999999999999,
    11.219999999999999,
    11.219999999999999
  ],
  "train_size": 600,
  "test_size": 12,
  "trajectory": [
    {
      "step": 0,
      "weights": {
        "chunk_ensemble": 0.5161023946,
        "progressive_adaptive_combiner": 0.4838976054
      },
      "interval": 2
    }
  ]
}