{
  "pred": [
    8.59203450194769,
    8.583208216319118,
    8.57438193069055,
    8.565555645061977,
    8.556729359433405,
    8.547903073804836,
    8.539076788176263,
    8.530250502547691,
    8.52142421691912,
    8.51259793129055,
    8.503771645661978,
    8.494945360033407
  ],
  "train_size": 600,
  "test_size": 12,
  "trajectory": [
    {
      "step": 0,
      "weights": {
        "multi_resolution": 0.513608413,
        "detrender": 0.486391587
      },
      "interval": 2
    }
  ]
}