{
  "pred": [
    10.46,
    5.56,
    7.16,
    7.36,
    7.26,
    9.06,
    9.56,
    10.46,
    5.56,
    7.16,
    7.36,
    7.26
  ],
  "train_size": 600,
  "test_size": 12,
  "trajectory": [
    {
      "step": 0,
      "weights": {
        "residual_correction_advanced": 0.5813953488,
        "progressive_adaptive_combiner": 0.4186046512
      },
      "interval": 2
    }
  ]
}