{
  "pred": [
    18.106248475690716,
    18.111978366656473,
    18.117708257622233,
    18.123438148587994,
    18.129168039553754,
    18.13489793051951,
    18.14062782148527,
    18.146357712451028,
    18.15208760341679,
    18.15781749438255,
    18.16354738534831,
    18.16927727631407
  ],
  "train_size": 600,
  "test_size": 12,
  "trajectory": [
    {
      "step": 0,
      "weights": {
        "trend_forecaster": 0.5022242649,
        "ets": 0.4977757351
      },
      "interval": 2
    }
  ]
}