{
  "pred": [
    15.38,
    17.380000000000003,
    19.98,
    19.78,
    15.58,
    17.580000000000002,
    15.18,
    15.38,
    17.380000000000003,
    19.98,
    19.78,
    15.58
  ],
  "train_size": 600,
  "test_size": 12,
  "trajectory": [
    {
      "step": 0,
      "weights": {
        "residual_correction_advanced": 1.0
      },
      "interval": 2
    }
  ]
}