{
  "pred": [
    9.18,
    10.98,
    12.68,
    12.48,
    6.9799999999999995,
    9.28,
    7.279999999999999,
    9.18,
    10.98,
    12.68,
    12.48,
    6.9799999999999995
  ],
  "train_size": 600,
  "test_size": 12,
  "trajectory": [
    {
      "step": 0,
      "weights": {
        "residual_correction_advanced": 1.0
      },
      "interval": 3
    }
  ]
}