{
  "pred": [
    11.970076859302598,
    11.9244000211016,
    11.215011093860607,
    11.311558274739612,
    11.218473430178616,
    11.646876655577621,
    11.933055861896626,
    11.982195036415632,
    11.936518198214635,
    11.22712927097364,
    11.323676451852645,
    11.23059160729165
  ],
  "train_size": 600,
  "test_size": 12,
  "trajectory": [
    {
      "step": 0,
      "weights": {
        "detrender": 0.5259199364,
        "residual_correction_advanced": 0.4740800636
      },
      "interval": 2
    }
  ]
}