{
  "pred": [
    10.654,
    10.654,
    10.654,
    10.654,
    10.654,
    10.654,
    10.654,
    10.654,
    10.654,
    10.654,
    10.654,
    10.654
  ],
  "train_size": 600,
  "test_size": 12,
  "trajectory": [
    {
      "step": 0,
      "weights": {
        "progressive_adaptive_combiner": 0.5504890679,
        "chunk_ensemble": 0.4495109321
      },
      "interval": 2
    }
  ]
}