{
  "pred": [
    10.256,
    10.256,
    10.256,
    10.256,
    10.256,
    10.256,
    10.256,
    10.256,
    10.256,
    10.256,
    10.256,
    10.256
  ],
  "train_size": 600,
  "test_size": 12,
  "trajectory": [
    {
      "step": 0,
      "weights": {
        "progressive_adaptive_combiner": 0.7374611443,
        "chunk_ensemble": 0.2625388557
      },
      "interval": 2
    }
  ]
}