{
  "pred": [
    4.300000000000001,
    3.2,
    4.4,
    5.6000000000000005,
    3.4000000000000004,
    3.000000000000001,
    3.000000000000001,
    4.300000000000001,
    3.2,
    4.4,
    5.6000000000000005,
    3.4000000000000004
  ],
  "train_size": 600,
  "test_size": 12,
  "trajectory": [
    {
      "step": 0,
      "weights": {
        "residual_correction_advanced": 1.0
      },
      "interval": 3
    }
  ]
}