{
  "pred": [
    10.469134488897804,
    10.46713970096857,
    10.465144913039335,
    10.4631501251101,
    10.461155337180866,
    10.459160549251633,
    10.457165761322397,
    10.455170973393166,
    10.453176185463931,
    10.451181397534697,
    10.449186609605462,
    10.447191821676228
  ],
  "train_size": 600,
  "test_size": 12,
  "trajectory": [
    {
      "step": 0,
      "weights": {
        "chunk_ensemble": 0.540569444,
        "detrender": 0.459430556
      },
      "interval": 2
    }
  ]
}