{
  "pred": [
    4.94,
    7.539999999999999,
    10.639999999999997,
    12.84,
    11.04,
    9.54,
    3.7399999999999998,
    4.94,
    7.539999999999999,
    10.639999999999997,
    12.84,
    11.04
  ],
  "train_size": 600,
  "test_size": 12,
  "trajectory": [
    {
      "step": 0,
      "weights": {
        "progressive_adaptive_combiner": 0.5819397994,
        "residual_correction_advanced": 0.4180602006
      },
      "interval": 2
    }
  ]
}