{
  "pred": [
    9.555000000349999,
    8.955000000430001,
    7.755000000589999,
    10.00500000029,
    10.60500000021,
    6.10500000081,
    8.4300000005,
    9.555000000349999,
    8.955000000430001,
    7.755000000589999,
    10.00500000029,
    10.60500000021
  ],
  "train_size": 600,
  "test_size": 12,
  "trajectory": [
    {
      "step": 0,
      "weights": {
        "residual_correction_advanced": 0.7499999999,
        "chunk_ensemble": 0.2500000001
      },
      "interval": 1
    }
  ]
}