{
  "pred": [
    14.457623170392072,
    14.459633472606333,
    14.461643774820594,
    14.463654077034853,
    14.465664379249118,
    14.467674681463379,
    14.46968498367764,
    14.471695285891903,
    14.473705588106164,
    14.475715890320425,
    14.477726192534686,
    14.479736494748948
  ],
  "train_size": 600,
  "test_size": 12,
  "trajectory": [
    {
      "step": 0,
      "weights": {
        "progressive_adaptive_combiner": 0.5683095591,
        "ets": 0.4316904409
      },
      "interval": 2
    }
  ]
}