{
  "pred": [
    6.420000000000001,
    8.02,
    11.72,
    11.62,
    10.12,
    10.32,
    10.42,
    6.420000000000001,
    8.02,
    11.72,
    11.62,
    10.12
  ],
  "train_size": 600,
  "test_size": 12,
  "trajectory": [
    {
      "step": 0,
      "weights": {
        "residual_correction_advanced": 0.6613756614,
        "progressive_adaptive_combiner": 0.3386243386
      },
      "interval": 2
    }
  ]
}