{
  "pred": [
    11.0,
    9.299999999999999,
    7.9,
    7.699999999999999,
    11.299999999999999,
    11.2,
    7.0,
    11.0,
    9.299999999999999,
    7.9,
    7.699999999999999,
    11.299999999999999
  ],
  "train_size": 600,
  "test_size": 12,
  "trajectory": [
    {
      "step": 0,
      "weights": {
        "residual_correction_advanced": 1.0
      },
      "interval": 3
    }
  ]
}